t_us,tag,seq,bno_delay_us,status,ax,ay,az
200484,BNO_ACC,0,-900,2,0.34375,-0.19141,9.68750
210738,BNO_ACC,1,-1400,2,0.34375,-0.19141,9.68750
221278,BNO_ACC,2,-4100,2,0.34375,-0.19141,9.72656
226214,BNO_ACC,3,-2300,2,0.34375,-0.19141,9.68750
233318,BNO_ACC,4,-700,2,0.34375,-0.15234,9.73047
242363,BNO_ACC,5,-900,2,0.30469,-0.15234,9.72656
251767,BNO_ACC,6,-2900,2,0.34375,-0.15234,9.73047
261510,BNO_ACC,7,-4100,2,0.30469,-0.15234,9.72656
270412,BNO_ACC,8,-5400,2,0.34375,-0.15234,9.73047
274001,BNO_ACC,9,-1000,2,0.34375,-0.19141,9.68750
282734,BNO_ACC,10,-1000,2,0.30469,-0.19141,9.69141
292328,BNO_ACC,11,-3200,2,0.34375,-0.15234,9.73047
302098,BNO_ACC,12,-4500,2,0.34375,-0.15234,9.69141
313739,BNO_ACC,13,-900,2,0.30469,-0.19141,9.69141
322614,BNO_ACC,14,-1000,2,0.34375,-0.15234,9.73047
331916,BNO_ACC,15,-2700,2,0.34375,-0.19141,9.68750
344654,BNO_ACC,16,-6300,2,0.30469,-0.19141,9.73047
352507,BNO_ACC,17,-7600,2,0.34375,-0.15234,9.73047
353692,BNO_ACC,18,-900,2,0.34375,-0.19141,9.72656
362260,BNO_ACC,19,-900,2,0.34375,-0.15234,9.73047
371496,BNO_ACC,20,-1600,2,0.34375,-0.19141,9.72656
382137,BNO_ACC,21,-4200,2,0.30469,-0.19141,9.73047
393936,BNO_ACC,22,-700,2,0.30469,-0.15234,9.68750
402824,BNO_ACC,23,-900,2,0.34375,-0.19141,9.72656
412129,BNO_ACC,24,-2500,2,0.30469,-0.15234,9.72656
421925,BNO_ACC,25,-3900,2,0.34375,-0.19141,9.72656
431546,BNO_ACC,26,-5600,2,0.34375,-0.15234,9.73047
433203,BNO_ACC,27,-500,2,0.34375,-0.15234,9.73047
442785,BNO_ACC,28,-1000,2,0.38281,-0.15234,9.73047
452063,BNO_ACC,29,-2500,2,0.34375,-0.19141,9.72656
463295,BNO_ACC,30,-5600,2,0.34375,-0.15234,9.73047
471561,BNO_ACC,31,-5500,2,0.34375,-0.15234,9.73047
473144,BNO_ACC,32,-700,2,0.34375,-0.15234,9.73047
482737,BNO_ACC,33,-900,2,0.34375,-0.15234,9.76562
491923,BNO_ACC,34,-1600,2,0.30469,-0.15234,9.68750
503292,BNO_ACC,35,-5600,2,0.30469,-0.15234,9.68750
511583,BNO_ACC,36,-5300,2,0.34375,-0.15234,9.73047
515277,BNO_ACC,37,-1200,2,0.34375,-0.19141,9.72656
522255,BNO_ACC,38,-700,2,0.34375,-0.19141,9.72656
532631,BNO_ACC,39,-2700,2,0.34375,-0.15234,9.73047
542438,BNO_ACC,40,-4200,2,0.34375,-0.19141,9.68750
551208,BNO_ACC,41,-5600,2,0.34375,-0.15234,9.73047
555327,BNO_ACC,42,-1000,2,0.34375,-0.19141,9.72656
562513,BNO_ACC,43,-700,2,0.30469,-0.19141,9.76562
572863,BNO_ACC,44,-2900,2,0.34375,-0.19141,9.72656
582663,BNO_ACC,45,-4300,2,0.30469,-0.15234,9.76953
595327,BNO_ACC,46,-1600,2,0.34375,-0.19141,9.72656
602665,BNO_ACC,47,-900,2,0.34375,-0.19141,9.72656
611770,BNO_ACC,48,-1300,2,0.34375,-0.15234,9.73047
623824,BNO_ACC,49,-5800,2,0.34375,-0.19141,9.72656
631843,BNO_ACC,50,-5500,2,0.30469,-0.15234,9.76953
635609,BNO_ACC,51,-1400,2,0.34375,-0.19141,9.72656
642586,BNO_ACC,52,-700,2,0.30469,-0.15234,9.72656
652843,BNO_ACC,53,-2700,2,0.34375,-0.19141,9.68750
662617,BNO_ACC,54,-4100,2,0.34375,-0.19141,9.72656
672116,BNO_ACC,55,-5500,2,0.30469,-0.19141,9.73047
676184,BNO_ACC,56,-2500,2,0.30469,-0.15234,9.72656
683054,BNO_ACC,57,-700,2,0.34375,-0.15234,9.69141
692199,BNO_ACC,58,-1500,2,0.34375,-0.15234,9.73047
702827,BNO_ACC,59,-4100,2,0.30469,-0.19141,9.73047
723675,BNO_ACC,60,-1200,2,0.34375,-0.19141,9.68750
733419,BNO_ACC,61,-2900,2,0.34375,-0.19141,9.72656
742733,BNO_ACC,62,-4200,2,0.34375,-0.19141,9.72656
753775,BNO_ACC,63,-7300,2,0.34375,-0.19141,9.68750
755739,BNO_ACC,64,-1400,2,0.34375,-0.19141,9.72656
762908,BNO_ACC,65,-500,2,0.34375,-0.19141,9.76953
773193,BNO_ACC,66,-2700,2,0.30469,-0.15234,9.76953
782854,BNO_ACC,67,-3900,2,0.34375,-0.15234,9.69141
793904,BNO_ACC,68,-7300,2,0.30469,-0.15234,9.72656
796486,BNO_ACC,69,-2300,2,0.34375,-0.15234,9.73047
803266,BNO_ACC,70,-700,2,0.34375,-0.15234,9.73047
813995,BNO_ACC,71,-3200,2,0.34375,-0.15234,9.73047
823598,BNO_ACC,72,-5100,2,0.34375,-0.19141,9.72656
832254,BNO_ACC,73,-5100,2,0.30469,-0.15234,9.76953
835961,BNO_ACC,74,-1400,2,0.34375,-0.15234,9.73047
843158,BNO_ACC,75,-500,2,0.30469,-0.19141,9.73047
855141,BNO_ACC,76,-4700,2,0.34375,-0.15234,9.73047
864088,BNO_ACC,77,-5100,2,0.30469,-0.15234,9.72656
872291,BNO_ACC,78,-5000,2,0.34375,-0.19141,9.76953
875998,BNO_ACC,79,-1200,2,0.34375,-0.15234,9.76562
883190,BNO_ACC,80,-500,2,0.34375,-0.19141,9.72656
893508,BNO_ACC,81,-2500,2,0.34375,-0.15234,9.69141
904766,BNO_ACC,82,-5800,2,0.34375,-0.15234,9.73047
912712,BNO_ACC,83,-5200,2,0.34375,-0.15234,9.73047
921396,BNO_ACC,84,-5800,2,0.38281,-0.15234,9.73047
924722,BNO_ACC,85,-1600,2,0.34375,-0.15234,9.76562
933669,BNO_ACC,86,-2500,2,0.30469,-0.19141,9.76562
943842,BNO_ACC,87,-4700,2,0.34375,-0.15234,9.69141
952522,BNO_ACC,88,-5000,2,0.34375,-0.19141,9.72656
956772,BNO_ACC,89,-2500,2,0.34375,-0.19141,9.72656
963545,BNO_ACC,90,-500,2,0.34375,-0.15234,9.73047
973899,BNO_ACC,91,-2700,2,0.34375,-0.15234,9.73047
984177,BNO_ACC,92,-4700,2,0.34375,-0.15234,9.73047
992513,BNO_ACC,93,-4900,2,0.34375,-0.19141,9.72656
996197,BNO_ACC,94,-1200,2,0.34375,-0.19141,9.72656
1003668,BNO_ACC,95,-700,2,0.30469,-0.15234,9.72656
1013967,BNO_ACC,96,-2700,2,0.34375,-0.15234,9.73047
1023478,BNO_ACC,97,-4000,2,0.34375,-0.15234,9.73047
1034594,BNO_ACC,98,-7100,2,0.34375,-0.15234,9.76562
1044334,BNO_ACC,99,-900,2,0.30469,-0.19141,9.73047
1054078,BNO_ACC,100,-2500,2,0.34375,-0.15234,9.73047
1064179,BNO_ACC,101,-4700,2,0.30469,-0.15234,9.72656
1072687,BNO_ACC,102,-4800,2,0.30469,-0.15234,9.76953
1076369,BNO_ACC,103,-1200,2,0.34375,-0.19141,9.72656
1083802,BNO_ACC,104,-700,2,0.34375,-0.15234,9.73047
1094913,BNO_ACC,105,-3200,2,0.34375,-0.15234,9.73047
1105151,BNO_ACC,106,-5100,2,0.34375,-0.19141,9.72656
1112535,BNO_ACC,107,-4600,2,0.34375,-0.15234,9.76562
1122319,BNO_ACC,108,-6000,2,0.30469,-0.19141,9.73047
1126408,BNO_ACC,109,-2900,2,0.34375,-0.15234,9.73047
1133403,BNO_ACC,110,-1600,2,0.34375,-0.15234,9.73047
1143622,BNO_ACC,111,-3800,2,0.30469,-0.19141,9.73047
1153223,BNO_ACC,112,-5200,2,0.34375,-0.15234,9.73047
1157435,BNO_ACC,113,-2500,2,0.30469,-0.15234,9.72656
1164232,BNO_ACC,114,-500,2,0.34375,-0.15234,9.76562
1174320,BNO_ACC,115,-2500,2,0.34375,-0.19141,9.72656
1183696,BNO_ACC,116,-3800,2,0.34375,-0.15234,9.73047
1193199,BNO_ACC,117,-5000,2,0.34375,-0.15234,9.73047
1197272,BNO_ACC,118,-2300,2,0.34375,-0.19141,9.72656
1204272,BNO_ACC,119,-500,2,0.34375,-0.19141,9.76953
1213671,BNO_ACC,120,-1600,2,0.34375,-0.15234,9.73047
1224713,BNO_ACC,121,-4700,2,0.34375,-0.15234,9.73047
1234014,BNO_ACC,122,-6900,2,0.34375,-0.15234,9.73047
1237441,BNO_ACC,123,-2500,2,0.34375,-0.15234,9.69141
1244438,BNO_ACC,124,-500,2,0.30469,-0.15234,9.72656
1253795,BNO_ACC,125,-1600,2,0.34375,-0.15234,9.73047
1264903,BNO_ACC,126,-4700,2,0.34375,-0.15234,9.73047
1273105,BNO_ACC,127,-4600,2,0.30469,-0.15234,9.72656
1278033,BNO_ACC,128,-2300,2,0.30469,-0.19141,9.73047
1284803,BNO_ACC,129,-700,2,0.34375,-0.15234,9.73047
1293917,BNO_ACC,130,-1800,2,0.30469,-0.15234,9.72656
1304967,BNO_ACC,131,-4500,2,0.30469,-0.15234,9.72656
1313359,BNO_ACC,132,-4600,2,0.34375,-0.15234,9.73047
1324963,BNO_ACC,133,-700,2,0.30469,-0.19141,9.73047
1334090,BNO_ACC,134,-900,2,0.34375,-0.15234,9.73047
1345097,BNO_ACC,135,-4700,2,0.34375,-0.19141,9.72656
1354576,BNO_ACC,136,-5900,2,0.34375,-0.15234,9.73047
1362246,BNO_ACC,137,-5800,2,0.34375,-0.15234,9.73047
1365874,BNO_ACC,138,-1000,2,0.30469,-0.15234,9.76953
1374405,BNO_ACC,139,-1800,2,0.30469,-0.19141,9.73047
1385486,BNO_ACC,140,-4700,2,0.34375,-0.15234,9.76562
1393383,BNO_ACC,141,-4400,2,0.34375,-0.15234,9.73047
1398308,BNO_ACC,142,-2300,2,0.34375,-0.15234,9.73047
1405191,BNO_ACC,143,-700,2,0.34375,-0.19141,9.76953
1414404,BNO_ACC,144,-1000,2,0.34375,-0.15234,9.73047
1425413,BNO_ACC,145,-4700,2,0.34375,-0.15234,9.73047
1435158,BNO_ACC,146,-6400,2,0.34375,-0.15234,9.76562
1442447,BNO_ACC,147,-5800,2,0.34375,-0.15234,9.76562
1446017,BNO_ACC,148,-900,2,0.34375,-0.15234,9.73047
1454456,BNO_ACC,149,-1800,2,0.34375,-0.15234,9.73047
1465478,BNO_ACC,150,-4700,2,0.30469,-0.19141,9.76562
1475209,BNO_ACC,151,-6400,2,0.34375,-0.15234,9.73047
1485509,BNO_ACC,152,-700,2,0.34375,-0.15234,9.73047
1494493,BNO_ACC,153,-1000,2,0.34375,-0.15234,9.76562
1505394,BNO_ACC,154,-4500,2,0.34375,-0.15234,9.73047
1513755,BNO_ACC,155,-4400,2,0.30469,-0.15234,9.72656
1518663,BNO_ACC,156,-2300,2,0.34375,-0.19141,9.72656
1525493,BNO_ACC,157,-500,2,0.34375,-0.15234,9.76562
1534615,BNO_ACC,158,-1000,2,0.34375,-0.15234,9.73047
1544768,BNO_ACC,159,-3800,2,0.30469,-0.15234,9.72656
1554469,BNO_ACC,160,-5000,2,0.30469,-0.15234,9.76953
1563149,BNO_ACC,161,-6000,2,0.34375,-0.19141,9.72656
1566246,BNO_ACC,162,-1200,2,0.34375,-0.19141,9.72656
1574718,BNO_ACC,163,-1600,2,0.34375,-0.15234,9.73047
1585110,BNO_ACC,164,-3800,2,0.34375,-0.19141,9.72656
1594009,BNO_ACC,165,-4200,2,0.34375,-0.15234,9.76562
1598933,BNO_ACC,166,-2100,2,0.34375,-0.19141,9.72656
1607200,BNO_ACC,167,-1000,2,0.34375,-0.19141,9.76953
1614511,BNO_ACC,168,-1000,2,0.34375,-0.15234,9.76562
1625357,BNO_ACC,169,-4000,2,0.34375,-0.15234,9.73047
1635586,BNO_ACC,170,-6200,2,0.34375,-0.15234,9.73047
1643003,BNO_ACC,171,-5600,2,0.34375,-0.19141,9.76953
1646599,BNO_ACC,172,-1000,2,0.30469,-0.19141,9.69141
1655189,BNO_ACC,173,-1600,2,0.34375,-0.15234,9.73047
1663355,BNO_ACC,174,-1700,2,0.34375,-0.15234,9.73047
1674069,BNO_ACC,175,-4200,2,0.34375,-0.15234,9.76562
1679013,BNO_ACC,176,-2100,2,0.34375,-0.15234,9.73047
1685914,BNO_ACC,177,-500,2,0.34375,-0.15234,9.73047
1695006,BNO_ACC,178,-1000,2,0.34375,-0.15234,9.73047
1704246,BNO_ACC,179,-2200,2,0.34375,-0.15234,9.73047
1716297,BNO_ACC,180,-6500,2,0.34375,-0.15234,9.76562
1723358,BNO_ACC,181,-5800,2,0.30469,-0.15234,9.72656
1727485,BNO_ACC,182,-1000,2,0.34375,-0.15234,9.73047
1734727,BNO_ACC,183,-900,2,0.34375,-0.15234,9.73047
1743832,BNO_ACC,184,-1600,2,0.34375,-0.15234,9.76562
1754437,BNO_ACC,185,-4400,2,0.34375,-0.15234,9.73047
1763353,BNO_ACC,186,-5800,2,0.30469,-0.19141,9.73047
1766929,BNO_ACC,187,-1000,2,0.34375,-0.15234,9.73047
1775414,BNO_ACC,188,-1600,2,0.30469,-0.15234,9.72656
1783748,BNO_ACC,189,-1500,2,0.34375,-0.15234,9.76562
1795826,BNO_ACC,190,-5800,2,0.34375,-0.15234,9.73047
1806335,BNO_ACC,191,-500,2,0.34375,-0.19141,9.76953
1815300,BNO_ACC,192,-900,2,0.34375,-0.15234,9.76562
1824457,BNO_ACC,193,-2000,2,0.34375,-0.15234,9.73047
1836542,BNO_ACC,194,-6400,2,0.30469,-0.15234,9.72656
1843611,BNO_ACC,195,-5800,2,0.34375,-0.15234,9.76562
1847748,BNO_ACC,196,-1000,2,0.34375,-0.15234,9.76562
1854819,BNO_ACC,197,-700,2,0.34375,-0.15234,9.76562
1864314,BNO_ACC,198,-1900,2,0.30469,-0.15234,9.72656
1876707,BNO_ACC,199,-6500,2,0.30469,-0.15234,9.76953
1883797,BNO_ACC,200,-5800,2,0.34375,-0.15234,9.76562
1887893,BNO_ACC,201,-900,2,0.34375,-0.15234,9.73047
1895079,BNO_ACC,202,-1000,2,0.34375,-0.15234,9.76562
1904287,BNO_ACC,203,-1700,2,0.30469,-0.15234,9.76953
1914924,BNO_ACC,204,-4200,2,0.34375,-0.15234,9.73047
1926731,BNO_ACC,205,-700,2,0.34375,-0.19141,9.76953
1935722,BNO_ACC,206,-900,2,0.34375,-0.19141,9.72656
1944996,BNO_ACC,207,-2500,2,0.34375,-0.15234,9.73047
1954968,BNO_ACC,208,-4300,2,0.34375,-0.15234,9.76562
1964786,BNO_ACC,209,-5900,2,0.34375,-0.15234,9.73047
1966084,BNO_ACC,210,-700,2,0.34375,-0.15234,9.76562
1975977,BNO_ACC,211,-1000,2,0.34375,-0.15234,9.76562
1984234,BNO_ACC,212,-1300,2,0.34375,-0.15234,9.73047
1995124,BNO_ACC,213,-4100,2,0.34375,-0.19141,9.72656
2004779,BNO_ACC,214,-5900,2,0.34375,-0.15234,9.73047
2006096,BNO_ACC,215,-700,2,0.34375,-0.19141,9.72656
2015850,BNO_ACC,216,-1000,2,0.30469,-0.15234,9.72656
2025528,BNO_ACC,217,-2900,2,0.34375,-0.15234,9.76562
2035399,BNO_ACC,218,-4400,2,0.34375,-0.15234,9.76562
2047236,BNO_ACC,219,-700,2,0.34375,-0.15234,9.73047
2056264,BNO_ACC,220,-900,2,0.38281,-0.15234,9.76562
2066246,BNO_ACC,221,-3400,2,0.34375,-0.15234,9.76562
2076264,BNO_ACC,222,-5400,2,0.34375,-0.15234,9.73047
2086088,BNO_ACC,223,-7500,2,0.34375,-0.15234,9.73047
2087295,BNO_ACC,224,-900,2,0.34375,-0.15234,9.73047
2095790,BNO_ACC,225,-900,2,0.34375,-0.11328,9.76562
2105189,BNO_ACC,226,-2000,2,0.34375,-0.19141,9.72656
2115635,BNO_ACC,227,-4200,2,0.34375,-0.15234,9.76562
2125627,BNO_ACC,228,-6200,2,0.34375,-0.19141,9.72656
2126753,BNO_ACC,229,-700,2,0.34375,-0.15234,9.76562
2136062,BNO_ACC,230,-1000,2,0.34375,-0.19141,9.72656
2145833,BNO_ACC,231,-2700,2,0.30469,-0.19141,9.73047
2157316,BNO_ACC,232,-6200,2,0.30469,-0.19141,9.76562
2165001,BNO_ACC,233,-5400,2,0.34375,-0.19141,9.72656
2169369,BNO_ACC,234,-2500,2,0.34375,-0.15234,9.73047
2176295,BNO_ACC,235,-1000,2,0.30469,-0.19141,9.73047
2186573,BNO_ACC,236,-3200,2,0.34375,-0.19141,9.72656
2196583,BNO_ACC,237,-5400,2,0.34375,-0.15234,9.76562
2205119,BNO_ACC,238,-5500,2,0.34375,-0.15234,9.76562
2209331,BNO_ACC,239,-2700,2,0.34375,-0.15234,9.73047
2216339,BNO_ACC,240,-1000,2,0.38281,-0.15234,9.73047
2226596,BNO_ACC,241,-3200,2,0.34375,-0.19141,9.76953
2236789,BNO_ACC,242,-5400,2,0.34375,-0.15234,9.76562
2245190,BNO_ACC,243,-5500,2,0.34375,-0.19141,9.72656
2249397,BNO_ACC,244,-2500,2,0.34375,-0.15234,9.73047
2256392,BNO_ACC,245,-900,2,0.34375,-0.15234,9.73047
2265917,BNO_ACC,246,-2300,2,0.34375,-0.15234,9.76562
2277590,BNO_ACC,247,-6000,2,0.34375,-0.15234,9.76562
2285603,BNO_ACC,248,-5700,2,0.34375,-0.15234,9.76562
2287131,BNO_ACC,249,-700,2,0.34375,-0.15234,9.76562
2296542,BNO_ACC,250,-900,2,0.34375,-0.19141,9.72656
2306746,BNO_ACC,251,-3200,2,0.34375,-0.19141,9.76953
2316681,BNO_ACC,252,-5100,2,0.34375,-0.15234,9.76562
2325377,BNO_ACC,253,-5300,2,0.34375,-0.19141,9.76953
2329605,BNO_ACC,254,-2500,2,0.30469,-0.15234,9.76953
2336610,BNO_ACC,255,-700,2,0.30469,-0.19141,9.76562
2346073,BNO_ACC,256,-2100,2,0.34375,-0.15234,9.76562
2357486,BNO_ACC,257,-5600,2,0.34375,-0.15234,9.73047
2365440,BNO_ACC,258,-5100,2,0.34375,-0.15234,9.76562
2369691,BNO_ACC,259,-2500,2,0.34375,-0.15234,9.76562
2376769,BNO_ACC,260,-900,2,0.34375,-0.15234,9.73047
2386149,BNO_ACC,261,-2300,2,0.34375,-0.15234,9.73047
2397436,BNO_ACC,262,-5400,2,0.34375,-0.15234,9.73047
2407174,BNO_ACC,263,-7100,2,0.34375,-0.15234,9.73047
2416810,BNO_ACC,264,-700,2,0.34375,-0.19141,9.76953
2427031,BNO_ACC,265,-3100,2,0.34375,-0.15234,9.76562
2436935,BNO_ACC,266,-4900,2,0.34375,-0.19141,9.76953
2445614,BNO_ACC,267,-5200,2,0.34375,-0.15234,9.76562
2457052,BNO_ACC,268,-900,2,0.34375,-0.19141,9.76953
2467012,BNO_ACC,269,-3100,2,0.34375,-0.19141,9.72656
2477078,BNO_ACC,270,-4900,2,0.34375,-0.15234,9.76562
2485688,BNO_ACC,271,-5100,2,0.34375,-0.15234,9.73047
2489921,BNO_ACC,272,-2500,2,0.34375,-0.19141,9.76953
2496855,BNO_ACC,273,-700,2,0.34375,-0.15234,9.76562
2507254,BNO_ACC,274,-2900,2,0.34375,-0.15234,9.76562
2516381,BNO_ACC,275,-4000,2,0.34375,-0.15234,9.76562
2526073,BNO_ACC,276,-5300,2,0.34375,-0.15234,9.76562
2537291,BNO_ACC,277,-900,2,0.34375,-0.15234,9.73047
2546482,BNO_ACC,278,-2000,2,0.34375,-0.15234,9.73047
2557984,BNO_ACC,279,-5300,2,0.34375,-0.15234,9.73047
2565997,BNO_ACC,280,-5100,2,0.34375,-0.19141,9.76953
2574856,BNO_ACC,281,-6000,2,0.34375,-0.19141,9.72656
2578286,BNO_ACC,282,-1600,2,0.34375,-0.15234,9.76562
2587837,BNO_ACC,283,-3100,2,0.34375,-0.19141,9.72656
2596595,BNO_ACC,284,-4000,2,0.34375,-0.15234,9.76562
2606295,BNO_ACC,285,-5300,2,0.34375,-0.19141,9.72656
2617776,BNO_ACC,286,-1000,2,0.34375,-0.15234,9.76562
2627304,BNO_ACC,287,-2700,2,0.34375,-0.15234,9.73047
2637047,BNO_ACC,288,-4200,2,0.34375,-0.19141,9.76953
2645902,BNO_ACC,289,-4800,2,0.34375,-0.15234,9.73047
2650131,BNO_ACC,290,-2500,2,0.34375,-0.15234,9.73047
2657269,BNO_ACC,291,-700,2,0.34375,-0.15234,9.73047
2667527,BNO_ACC,292,-2700,2,0.34375,-0.15234,9.73047
2675430,BNO_ACC,293,-2200,2,0.34375,-0.15234,9.73047
2685873,BNO_ACC,294,-4600,2,0.34375,-0.19141,9.72656
2697929,BNO_ACC,295,-900,2,0.34375,-0.15234,9.76562
2706812,BNO_ACC,296,-1800,2,0.34375,-0.15234,9.76562
2717774,BNO_ACC,297,-4700,2,0.34375,-0.15234,9.73047
2725983,BNO_ACC,298,-4500,2,0.34375,-0.19141,9.72656
2730902,BNO_ACC,299,-2300,2,0.34375,-0.19141,9.76953
2737689,BNO_ACC,300,-700,2,0.30469,-0.15234,9.72656
2746877,BNO_ACC,301,-1600,2,0.34375,-0.15234,9.76562
2757843,BNO_ACC,302,-4700,2,0.34375,-0.15234,9.73047
2765980,BNO_ACC,303,-4400,2,0.34375,-0.15234,9.76562
2770916,BNO_ACC,304,-2300,2,0.34375,-0.15234,9.76562
2777806,BNO_ACC,305,-700,2,0.34375,-0.19141,9.76953
2786999,BNO_ACC,306,-1600,2,0.34375,-0.15234,9.76562
2798052,BNO_ACC,307,-4700,2,0.34375,-0.15234,9.76562
2806151,BNO_ACC,308,-4500,2,0.38281,-0.15234,9.76562
2811068,BNO_ACC,309,-2300,2,0.34375,-0.15234,9.76562
2817969,BNO_ACC,310,-700,2,0.34375,-0.15234,9.76562
2826972,BNO_ACC,311,-1400,2,0.34375,-0.15234,9.76562
2838036,BNO_ACC,312,-4700,2,0.34375,-0.19141,9.76953
2846344,BNO_ACC,313,-4600,2,0.34375,-0.15234,9.76562
2851258,BNO_ACC,314,-2300,2,0.34375,-0.15234,9.76562
2858205,BNO_ACC,315,-700,2,0.34375,-0.15234,9.73047
2868276,BNO_ACC,316,-2200,2,0.34375,-0.15234,9.76562
2875826,BNO_ACC,317,-1800,2,0.34375,-0.15234,9.76562
2886631,BNO_ACC,318,-4600,2,0.34375,-0.15234,9.73047
2898318,BNO_ACC,319,-700,2,0.34375,-0.15234,9.73047
2907225,BNO_ACC,320,-1000,2,0.34375,-0.19141,9.72656
2917498,BNO_ACC,321,-4000,2,0.34375,-0.19141,9.76953
2926990,BNO_ACC,322,-5000,2,0.34375,-0.15234,9.76562
2931063,BNO_ACC,323,-2300,2,0.30469,-0.15234,9.76953
2938110,BNO_ACC,324,-500,2,0.34375,-0.15234,9.76562
2947347,BNO_ACC,325,-1000,2,0.34375,-0.19141,9.72656
2956482,BNO_ACC,326,-2400,2,0.34375,-0.15234,9.73047
2966868,BNO_ACC,327,-4600,2,0.34375,-0.15234,9.73047
2978676,BNO_ACC,328,-700,2,0.34375,-0.19141,9.72656
2987495,BNO_ACC,329,-1000,2,0.34375,-0.15234,9.76562
2996584,BNO_ACC,330,-2200,2,0.30469,-0.15234,9.76953
3007084,BNO_ACC,331,-4800,2,0.34375,-0.15234,9.73047
3018554,BNO_ACC,332,-700,2,0.38281,-0.15234,9.73047
3027648,BNO_ACC,333,-900,2,0.34375,-0.15234,9.76562
3038843,BNO_ACC,334,-4500,2,0.38281,-0.15234,9.76562
3046931,BNO_ACC,335,-4400,2,0.34375,-0.15234,9.76562
3051879,BNO_ACC,336,-2300,2,0.34375,-0.15234,9.76562
3058746,BNO_ACC,337,-700,2,0.34375,-0.15234,9.73047
3067738,BNO_ACC,338,-1000,2,0.34375,-0.15234,9.73047
3077009,BNO_ACC,339,-2200,2,0.34375,-0.15234,9.73047
3087528,BNO_ACC,340,-5000,2,0.34375,-0.15234,9.76562
3091630,BNO_ACC,341,-2300,2,0.34375,-0.15234,9.76562
3098673,BNO_ACC,342,-700,2,0.34375,-0.15234,9.76562
3107850,BNO_ACC,343,-1000,2,0.30469,-0.15234,9.76953
3118810,BNO_ACC,344,-3800,2,0.34375,-0.19141,9.72656
3127157,BNO_ACC,345,-4200,2,0.30469,-0.19141,9.76562
3136036,BNO_ACC,346,-5800,2,0.34375,-0.15234,9.73047
3139596,BNO_ACC,347,-1000,2,0.34375,-0.15234,9.76562
3148036,BNO_ACC,348,-1400,2,0.34375,-0.19141,9.76953
3159052,BNO_ACC,349,-4500,2,0.34375,-0.19141,9.72656
3167177,BNO_ACC,350,-4300,2,0.34375,-0.15234,9.76562
3176800,BNO_ACC,351,-6200,2,0.38281,-0.15234,9.73047
3180294,BNO_ACC,352,-1400,2,0.34375,-0.15234,9.76562
3187742,BNO_ACC,353,-1000,2,0.34375,-0.15234,9.73047
3196749,BNO_ACC,354,-1600,2,0.30469,-0.15234,9.76953
3208875,BNO_ACC,355,-6000,2,0.34375,-0.15234,9.76562
3219215,BNO_ACC,356,-700,2,0.34375,-0.15234,9.73047
3227841,BNO_ACC,357,-900,2,0.34375,-0.15234,9.76562
3236904,BNO_ACC,358,-1600,2,0.38281,-0.15234,9.76562
3247506,BNO_ACC,359,-4400,2,0.38281,-0.15234,9.73047
3259282,BNO_ACC,360,-500,2,0.30469,-0.15234,9.80859
3268263,BNO_ACC,361,-1000,2,0.34375,-0.15234,9.76562
3277404,BNO_ACC,362,-2000,2,0.34375,-0.15234,9.76562
3287414,BNO_ACC,363,-4000,2,0.34375,-0.15234,9.76562
3292335,BNO_ACC,364,-2300,2,0.34375,-0.19141,9.76953
3299409,BNO_ACC,365,-500,2,0.34375,-0.15234,9.76562
3308445,BNO_ACC,366,-1000,2,0.34375,-0.15234,9.80469
3317929,BNO_ACC,367,-2900,2,0.34375,-0.19141,9.76953
3327632,BNO_ACC,368,-4100,2,0.34375,-0.15234,9.76562
3339520,BNO_ACC,369,-500,2,0.34375,-0.15234,9.73047
3348478,BNO_ACC,370,-1000,2,0.34375,-0.15234,9.76562
3357859,BNO_ACC,371,-2700,2,0.34375,-0.19141,9.76953
3370055,BNO_ACC,372,-7100,2,0.34375,-0.15234,9.76562
3377934,BNO_ACC,373,-6300,2,0.34375,-0.15234,9.76562
3379103,BNO_ACC,374,-900,2,0.34375,-0.15234,9.76562
3388185,BNO_ACC,375,-1000,2,0.34375,-0.15234,9.76562
3398718,BNO_ACC,376,-3400,2,0.34375,-0.15234,9.76562
3408864,BNO_ACC,377,-5300,2,0.34375,-0.15234,9.76562
3417243,BNO_ACC,378,-5300,2,0.38281,-0.15234,9.76562
3421005,BNO_ACC,379,-1000,2,0.34375,-0.15234,9.73047
3428000,BNO_ACC,380,-900,2,0.34375,-0.19141,9.76953
3438223,BNO_ACC,381,-2700,2,0.34375,-0.15234,9.76562
3447960,BNO_ACC,382,-4100,2,0.30469,-0.15234,9.76953
3456725,BNO_ACC,383,-5400,2,0.34375,-0.15234,9.76562
3460278,BNO_ACC,384,-1000,2,0.34375,-0.15234,9.76562
3469089,BNO_ACC,385,-1000,2,0.34375,-0.15234,9.76562
3478186,BNO_ACC,386,-2500,2,0.34375,-0.19141,9.76953
3489280,BNO_ACC,387,-5600,2,0.34375,-0.15234,9.76562
3497391,BNO_ACC,388,-5300,2,0.34375,-0.15234,9.73047
3500214,BNO_ACC,389,-1000,2,0.34375,-0.15234,9.73047
3508226,BNO_ACC,390,-700,2,0.34375,-0.15234,9.73047
3518464,BNO_ACC,391,-2500,2,0.34375,-0.15234,9.76562
3528206,BNO_ACC,392,-3900,2,0.34375,-0.15234,9.73047
3537788,BNO_ACC,393,-5400,2,0.34375,-0.19141,9.76953
3539414,BNO_ACC,394,-500,2,0.34375,-0.15234,9.76562
3548738,BNO_ACC,395,-900,2,0.34375,-0.15234,9.80469
3557793,BNO_ACC,396,-1400,2,0.30469,-0.15234,9.72656
3568233,BNO_ACC,397,-4000,2,0.34375,-0.15234,9.76562
3581440,BNO_ACC,398,-1200,2,0.34375,-0.15234,9.76562
3588458,BNO_ACC,399,-500,2,0.34375,-0.15234,9.76562
3598755,BNO_ACC,400,-2700,2,0.34375,-0.15234,9.80469
3610053,BNO_ACC,401,-5800,2,0.34375,-0.15234,9.73047
3619078,BNO_ACC,402,-6500,2,0.34375,-0.15234,9.76562
3620327,BNO_ACC,403,-1000,2,0.34375,-0.15234,9.76562
3628571,BNO_ACC,404,-500,2,0.34375,-0.15234,9.76562
3639215,BNO_ACC,405,-2900,2,0.34375,-0.15234,9.76562
3649137,BNO_ACC,406,-4700,2,0.34375,-0.19141,9.72656
3657892,BNO_ACC,407,-5100,2,0.34375,-0.15234,9.76562
3662135,BNO_ACC,408,-2500,2,0.34375,-0.15234,9.76562
3668969,BNO_ACC,409,-700,2,0.34375,-0.15234,9.76562
3678004,BNO_ACC,410,-1300,2,0.34375,-0.15234,9.76562
3690300,BNO_ACC,411,-5800,2,0.38281,-0.15234,9.73047
3699631,BNO_ACC,412,-7100,2,0.38281,-0.19141,9.76953
3702229,BNO_ACC,413,-2500,2,0.38281,-0.15234,9.80469
3708920,BNO_ACC,414,-700,2,0.34375,-0.15234,9.76562
3719119,BNO_ACC,415,-2500,2,0.34375,-0.19141,9.72656
3728823,BNO_ACC,416,-3900,2,0.30469,-0.15234,9.72656
3738408,BNO_ACC,417,-5300,2,0.30469,-0.15234,9.76953
3742493,BNO_ACC,418,-2300,2,0.34375,-0.15234,9.76562
3749405,BNO_ACC,419,-900,2,0.30469,-0.15234,9.76953
3759536,BNO_ACC,420,-2900,2,0.34375,-0.19141,9.72656
3769546,BNO_ACC,421,-4900,2,0.34375,-0.11328,9.76562
3777971,BNO_ACC,422,-4900,2,0.34375,-0.15234,9.76562
3780696,BNO_ACC,423,-900,2,0.34375,-0.15234,9.73047
3789034,BNO_ACC,424,-500,2,0.34375,-0.15234,9.76562
3800047,BNO_ACC,425,-3200,2,0.34375,-0.19141,9.76953
3809492,BNO_ACC,426,-4700,2,0.38281,-0.19141,9.76953
3818174,BNO_ACC,427,-5000,2,0.34375,-0.15234,9.73047
3821834,BNO_ACC,428,-1200,2,0.34375,-0.15234,9.76562
3829065,BNO_ACC,429,-700,2,0.30469,-0.19141,9.73047
3840088,BNO_ACC,430,-3100,2,0.34375,-0.19141,9.76953
3848780,BNO_ACC,431,-3800,2,0.30469,-0.15234,9.76953
3858322,BNO_ACC,432,-4900,2,0.34375,-0.19141,9.76953
3862545,BNO_ACC,433,-2500,2,0.34375,-0.19141,9.76953
3870664,BNO_ACC,434,-1000,2,0.34375,-0.19141,9.76953
3879211,BNO_ACC,435,-2100,2,0.34375,-0.19141,9.80859
3890409,BNO_ACC,436,-5300,2,0.34375,-0.15234,9.73047
3898241,BNO_ACC,437,-4800,2,0.34375,-0.15234,9.76562
3901934,BNO_ACC,438,-1000,2,0.34375,-0.15234,9.76562
3909307,BNO_ACC,439,-700,2,0.34375,-0.15234,9.76562
3920344,BNO_ACC,440,-3100,2,0.34375,-0.15234,9.76562
3929014,BNO_ACC,441,-3600,2,0.34375,-0.15234,9.76562
3938524,BNO_ACC,442,-4800,2,0.34375,-0.15234,9.76562
3950183,BNO_ACC,443,-900,2,0.34375,-0.19141,9.76953
3959110,BNO_ACC,444,-1600,2,0.34375,-0.15234,9.76562
3970098,BNO_ACC,445,-4700,2,0.34375,-0.19141,9.76953
3978413,BNO_ACC,446,-4700,2,0.34375,-0.15234,9.76562
3982816,BNO_ACC,447,-2500,2,0.34375,-0.15234,9.76562
3989806,BNO_ACC,448,-500,2,0.34375,-0.19141,9.76953
3999212,BNO_ACC,449,-1800,2,0.34375,-0.15234,9.76562
4009344,BNO_ACC,450,-4000,2,0.34375,-0.19141,9.72656
4020778,BNO_ACC,451,-7300,2,0.34375,-0.19141,9.76953
4030474,BNO_ACC,452,-900,2,0.34375,-0.15234,9.76562
4039314,BNO_ACC,453,-1000,2,0.34375,-0.15234,9.76562
4050184,BNO_ACC,454,-4700,2,0.34375,-0.15234,9.76562
4058725,BNO_ACC,455,-4600,2,0.38281,-0.15234,9.73047
4070210,BNO_ACC,456,-700,2,0.34375,-0.19141,9.72656
4079438,BNO_ACC,457,-900,2,0.34375,-0.15234,9.73047
4090462,BNO_ACC,458,-4700,2,0.34375,-0.15234,9.76562
4098701,BNO_ACC,459,-4500,2,0.34375,-0.15234,9.76562
4103624,BNO_ACC,460,-2300,2,0.34375,-0.15234,9.76562
4110420,BNO_ACC,461,-700,2,0.34375,-0.15234,9.73047
4120747,BNO_ACC,462,-2700,2,0.34375,-0.15234,9.76562
4129896,BNO_ACC,463,-4000,2,0.34375,-0.15234,9.80469
4139456,BNO_ACC,464,-5200,2,0.34375,-0.15234,9.73047
4143555,BNO_ACC,465,-2300,2,0.34375,-0.19141,9.76953
4150557,BNO_ACC,466,-700,2,0.34375,-0.19141,9.72656
4159667,BNO_ACC,467,-1000,2,0.34375,-0.15234,9.73047
4169919,BNO_ACC,468,-3800,2,0.38281,-0.15234,9.76562
4179494,BNO_ACC,469,-5200,2,0.34375,-0.19141,9.76953
4183549,BNO_ACC,470,-2300,2,0.34375,-0.19141,9.76953
4190497,BNO_ACC,471,-500,2,0.34375,-0.15234,9.73047
4199907,BNO_ACC,472,-1000,2,0.30469,-0.15234,9.76953
4209978,BNO_ACC,473,-3800,2,0.34375,-0.15234,9.76562
4219496,BNO_ACC,474,-4900,2,0.34375,-0.15234,9.76562
4223582,BNO_ACC,475,-2500,2,0.34375,-0.15234,9.76562
4230642,BNO_ACC,476,-700,2,0.30469,-0.15234,9.76953
4239944,BNO_ACC,477,-900,2,0.34375,-0.15234,9.76562
4250140,BNO_ACC,478,-3800,2,0.34375,-0.19141,9.76953
4259712,BNO_ACC,479,-4800,2,0.34375,-0.15234,9.76562
4263785,BNO_ACC,480,-2300,2,0.34375,-0.15234,9.73047
4270735,BNO_ACC,481,-500,2,0.34375,-0.15234,9.80469
4279884,BNO_ACC,482,-1000,2,0.38281,-0.15234,9.76562
4288904,BNO_ACC,483,-2000,2,0.34375,-0.15234,9.76562
4299276,BNO_ACC,484,-4400,2,0.34375,-0.15234,9.73047
4304189,BNO_ACC,485,-2300,2,0.34375,-0.15234,9.76562
4311034,BNO_ACC,486,-700,2,0.38281,-0.15234,9.76562
4320123,BNO_ACC,487,-1000,2,0.34375,-0.15234,9.76562
4329231,BNO_ACC,488,-2200,2,0.34375,-0.15234,9.76562
4339652,BNO_ACC,489,-4600,2,0.34375,-0.15234,9.73047
4351248,BNO_ACC,490,-900,2,0.34375,-0.15234,9.76562
4360158,BNO_ACC,491,-1000,2,0.34375,-0.19141,9.76953
4371190,BNO_ACC,492,-4000,2,0.34375,-0.19141,9.76953
4379500,BNO_ACC,493,-4400,2,0.34375,-0.15234,9.76562
4384455,BNO_ACC,494,-2300,2,0.34375,-0.19141,9.76953
4391261,BNO_ACC,495,-700,2,0.34375,-0.15234,9.76562
4400427,BNO_ACC,496,-1000,2,0.34375,-0.15234,9.76562
4411465,BNO_ACC,497,-4500,2,0.34375,-0.15234,9.76562
4419466,BNO_ACC,498,-4200,2,0.34375,-0.15234,9.76562
4424411,BNO_ACC,499,-2300,2,0.34375,-0.19141,9.76953
4431372,BNO_ACC,500,-700,2,0.34375,-0.19141,9.76953
4440395,BNO_ACC,501,-1000,2,0.34375,-0.19141,9.76953
4449449,BNO_ACC,502,-2000,2,0.34375,-0.19141,9.80859
4461638,BNO_ACC,503,-6500,2,0.38281,-0.15234,9.76562
4471608,BNO_ACC,504,-700,2,0.38281,-0.15234,9.76562
4480448,BNO_ACC,505,-1000,2,0.34375,-0.15234,9.76562
4489555,BNO_ACC,506,-1800,2,0.34375,-0.15234,9.76562
4500102,BNO_ACC,507,-4600,2,0.34375,-0.15234,9.76562
4508849,BNO_ACC,508,-5800,2,0.34375,-0.15234,9.76562
4512486,BNO_ACC,509,-1000,2,0.38281,-0.15234,9.76562
4520821,BNO_ACC,510,-1600,2,0.34375,-0.19141,9.76953
4530613,BNO_ACC,511,-3200,2,0.34375,-0.15234,9.80469
4540125,BNO_ACC,512,-4400,2,0.34375,-0.15234,9.76562
4551895,BNO_ACC,513,-700,2,0.34375,-0.15234,9.76562
4560917,BNO_ACC,514,-1000,2,0.34375,-0.19141,9.76953
4570381,BNO_ACC,515,-2900,2,0.34375,-0.15234,9.76562
4580173,BNO_ACC,516,-4400,2,0.34375,-0.15234,9.76562
4591969,BNO_ACC,517,-700,2,0.38281,-0.15234,9.76562
4600872,BNO_ACC,518,-1000,2,0.34375,-0.15234,9.76562
4610135,BNO_ACC,519,-2000,2,0.34375,-0.15234,9.76562
4619971,BNO_ACC,520,-4000,2,0.34375,-0.15234,9.76562
4624899,BNO_ACC,521,-2300,2,0.34375,-0.15234,9.76562
4633287,BNO_ACC,522,-1800,2,0.34375,-0.19141,9.76953
4640664,BNO_ACC,523,-1000,2,0.34375,-0.15234,9.76562
4649913,BNO_ACC,524,-1600,2,0.34375,-0.15234,9.76562
4660471,BNO_ACC,525,-4400,2,0.30469,-0.19141,9.76562
4672228,BNO_ACC,526,-500,2,0.34375,-0.19141,9.76953
4681265,BNO_ACC,527,-1000,2,0.34375,-0.19141,9.72656
4691425,BNO_ACC,528,-3600,2,0.34375,-0.15234,9.76562
4701407,BNO_ACC,529,-5400,2,0.34375,-0.15234,9.76562
4710010,BNO_ACC,530,-5700,2,0.34375,-0.15234,9.73047
4711633,BNO_ACC,531,-700,2,0.34375,-0.15234,9.76562
4720992,BNO_ACC,532,-900,2,0.34375,-0.19141,9.72656
4730205,BNO_ACC,533,-1800,2,0.30469,-0.15234,9.72656
4742357,BNO_ACC,534,-6400,2,0.38281,-0.15234,9.76562
4752465,BNO_ACC,535,-700,2,0.34375,-0.15234,9.73047
4761292,BNO_ACC,536,-1000,2,0.30469,-0.15234,9.76953
4771488,BNO_ACC,537,-3200,2,0.30469,-0.15234,9.76953
4781608,BNO_ACC,538,-5400,2,0.30469,-0.15234,9.76953
4790017,BNO_ACC,539,-5500,2,0.34375,-0.19141,9.76953
4793711,BNO_ACC,540,-1200,2,0.34375,-0.15234,9.80469
4800654,BNO_ACC,541,-700,2,0.34375,-0.15234,9.80469
4810854,BNO_ACC,542,-2500,2,0.34375,-0.15234,9.73047
4821977,BNO_ACC,543,-5600,2,0.34375,-0.15234,9.76562
4830098,BNO_ACC,544,-5300,2,0.38281,-0.19141,9.72656
4833809,BNO_ACC,545,-1200,2,0.34375,-0.15234,9.76562
4840736,BNO_ACC,546,-700,2,0.34375,-0.15234,9.76562
4851062,BNO_ACC,547,-2500,2,0.34375,-0.19141,9.76953
4860790,BNO_ACC,548,-4100,2,0.34375,-0.15234,9.76562
4870316,BNO_ACC,549,-5500,2,0.34375,-0.19141,9.76953
4874693,BNO_ACC,550,-2700,2,0.34375,-0.15234,9.76562
4881593,BNO_ACC,551,-1000,2,0.34375,-0.15234,9.76562
4892170,BNO_ACC,552,-3600,2,0.30469,-0.15234,9.80859
4901702,BNO_ACC,553,-5100,2,0.34375,-0.15234,9.76562
4910242,BNO_ACC,554,-5300,2,0.34375,-0.15234,9.80469
4913953,BNO_ACC,555,-1200,2,0.34375,-0.15234,9.76562
4920972,BNO_ACC,556,-500,2,0.34375,-0.15234,9.76562
4932061,BNO_ACC,557,-3200,2,0.34375,-0.15234,9.76562
4941766,BNO_ACC,558,-5100,2,0.34375,-0.15234,9.76562
4950422,BNO_ACC,559,-5300,2,0.34375,-0.15234,9.76562
4954077,BNO_ACC,560,-1200,2,0.34375,-0.15234,9.80469
4961106,BNO_ACC,561,-700,2,0.34375,-0.15234,9.76562
4971502,BNO_ACC,562,-2700,2,0.34375,-0.15234,9.76562
4981262,BNO_ACC,563,-4100,2,0.34375,-0.15234,9.76562
4990759,BNO_ACC,564,-5500,2,0.34375,-0.15234,9.76562
4994837,BNO_ACC,565,-2300,2,0.34375,-0.15234,9.73047
5001666,BNO_ACC,566,-700,2,0.34375,-0.15234,9.76562
5010742,BNO_ACC,567,-1300,2,0.34375,-0.19141,9.76953
5021313,BNO_ACC,568,-3800,2,0.34375,-0.15234,9.76562
5031383,BNO_ACC,569,-5900,2,0.34375,-0.15234,9.76562
5032805,BNO_ACC,570,-700,2,0.34375,-0.19141,9.76953
5041697,BNO_ACC,571,-700,2,0.34375,-0.15234,9.76562
5051128,BNO_ACC,572,-1700,2,0.34375,-0.19141,9.76953
5062628,BNO_ACC,573,-5400,2,0.38281,-0.15234,9.76562
5070767,BNO_ACC,574,-5300,2,0.34375,-0.15234,9.76562
5074985,BNO_ACC,575,-2500,2,0.34375,-0.15234,9.76562
5081945,BNO_ACC,576,-700,2,0.38281,-0.15234,9.80469
5092336,BNO_ACC,577,-3100,2,0.34375,-0.15234,9.80469
5101609,BNO_ACC,578,-4300,2,0.34375,-0.15234,9.76562
5111269,BNO_ACC,579,-5600,2,0.34375,-0.15234,9.76562
5112822,BNO_ACC,580,-500,2,0.34375,-0.15234,9.76562
5121997,BNO_ACC,581,-700,2,0.34375,-0.15234,9.76562
5131551,BNO_ACC,582,-2100,2,0.34375,-0.15234,9.76562
5143275,BNO_ACC,583,-5800,2,0.34375,-0.15234,9.76562
5151231,BNO_ACC,584,-5300,2,0.34375,-0.15234,9.76562
5160069,BNO_ACC,585,-6200,2,0.38281,-0.15234,9.76562
5164378,BNO_ACC,586,-2700,2,0.34375,-0.15234,9.76562
5172072,BNO_ACC,587,-2500,2,0.34375,-0.15234,9.76562
5182487,BNO_ACC,588,-4900,2,0.34375,-0.15234,9.76562
5191037,BNO_ACC,589,-5100,2,0.38281,-0.15234,9.73047
5195285,BNO_ACC,590,-2500,2,0.34375,-0.15234,9.76562
5202259,BNO_ACC,591,-500,2,0.38281,-0.15234,9.76562
