t_us,tag,seq,bno_delay_us,status,gx,gy,gz,gbias_x,gbias_y,gbias_z
206778,BNO_GYRO_UC,0,-3200,0,0.001953,0.000000,-0.003906,0.001953,0.000000,-0.003906
217298,BNO_GYRO_UC,1,-3400,0,0.005859,0.001953,-0.001953,0.005859,0.001953,-0.001953
227454,BNO_GYRO_UC,2,-3200,0,0.003906,-0.003906,-0.003906,0.003906,-0.003906,-0.003906
236856,BNO_GYRO_UC,3,-3200,0,0.000000,0.001953,-0.003906,0.000000,0.001953,-0.003906
246737,BNO_GYRO_UC,4,-3100,0,0.000000,0.003906,-0.001953,0.000000,0.003906,-0.001953
257559,BNO_GYRO_UC,5,-3600,0,0.001953,-0.003906,-0.003906,0.001953,-0.003906,-0.003906
267038,BNO_GYRO_UC,6,-2900,0,0.003906,-0.001953,-0.003906,0.003906,-0.001953,-0.003906
277400,BNO_GYRO_UC,7,-3100,0,0.001953,0.000000,-0.001953,0.001953,0.000000,-0.001953
286764,BNO_GYRO_UC,8,-3200,0,0.003906,0.000000,-0.001953,0.003906,0.000000,-0.001953
298026,BNO_GYRO_UC,9,-3800,0,0.005859,0.000000,-0.007812,0.005859,0.000000,-0.007812
307667,BNO_GYRO_UC,10,-3200,0,0.001953,-0.001953,-0.005859,0.001953,-0.001953,-0.005859
317094,BNO_GYRO_UC,11,-3100,0,0.001953,0.001953,-0.003906,0.001953,0.001953,-0.003906
326797,BNO_GYRO_UC,12,-3100,0,0.001953,0.001953,-0.001953,0.001953,0.001953,-0.001953
339825,BNO_GYRO_UC,13,-5600,0,-0.003906,-0.001953,-0.003906,-0.003906,-0.001953,-0.003906
347220,BNO_GYRO_UC,14,-2900,0,0.001953,-0.001953,-0.005859,0.001953,-0.001953,-0.005859
356568,BNO_GYRO_UC,15,-2900,0,0.003906,-0.001953,-0.003906,0.003906,-0.001953,-0.003906
367445,BNO_GYRO_UC,16,-3200,0,0.005859,-0.001953,-0.001953,0.005859,-0.001953,-0.001953
378058,BNO_GYRO_UC,17,-3400,0,0.005859,0.001953,-0.001953,0.005859,0.001953,-0.001953
387711,BNO_GYRO_UC,18,-3200,0,0.003906,-0.005859,-0.003906,0.003906,-0.005859,-0.003906
397297,BNO_GYRO_UC,19,-3200,0,0.003906,-0.005859,-0.001953,0.003906,-0.005859,-0.001953
406864,BNO_GYRO_UC,20,-3100,0,0.001953,0.000000,-0.001953,0.001953,0.000000,-0.001953
417799,BNO_GYRO_UC,21,-3600,0,0.003906,-0.001953,-0.001953,0.003906,-0.001953,-0.001953
427493,BNO_GYRO_UC,22,-2900,0,0.001953,0.000000,-0.003906,0.001953,0.000000,-0.003906
437071,BNO_GYRO_UC,23,-3200,0,0.003906,0.001953,-0.003906,0.003906,0.001953,-0.003906
447001,BNO_GYRO_UC,24,-3100,0,0.001953,-0.001953,-0.001953,0.001953,-0.001953,-0.001953
457615,BNO_GYRO_UC,25,-3600,0,0.001953,0.000000,-0.003906,0.001953,0.000000,-0.003906
467542,BNO_GYRO_UC,26,-3100,0,0.003906,0.001953,-0.003906,0.003906,0.001953,-0.003906
477165,BNO_GYRO_UC,27,-3100,0,0.003906,-0.003906,-0.001953,0.003906,-0.003906,-0.001953
487931,BNO_GYRO_UC,28,-3200,0,0.005859,0.001953,-0.003906,0.005859,0.001953,-0.003906
497567,BNO_GYRO_UC,29,-3600,0,0.003906,0.001953,-0.003906,0.003906,0.001953,-0.003906
507625,BNO_GYRO_UC,30,-3100,0,-0.003906,0.001953,-0.003906,-0.003906,0.001953,-0.003906
516697,BNO_GYRO_UC,31,-2500,0,0.001953,0.001953,-0.001953,0.001953,0.001953,-0.001953
527455,BNO_GYRO_UC,32,-3200,0,0.005859,-0.001953,-0.001953,0.005859,-0.001953,-0.001953
538298,BNO_GYRO_UC,33,-3800,0,0.007812,-0.001953,-0.003906,0.007812,-0.001953,-0.003906
547928,BNO_GYRO_UC,34,-2900,0,0.000000,-0.001953,-0.003906,0.000000,-0.001953,-0.003906
556985,BNO_GYRO_UC,35,-2900,0,0.001953,0.001953,-0.001953,0.001953,0.001953,-0.001953
567703,BNO_GYRO_UC,36,-3200,0,0.003906,-0.003906,-0.003906,0.003906,-0.003906,-0.003906
578688,BNO_GYRO_UC,37,-3600,0,0.005859,-0.003906,-0.003906,0.005859,-0.003906,-0.003906
589510,BNO_GYRO_UC,38,-4300,0,0.003906,-0.001953,-0.005859,0.003906,-0.001953,-0.005859
597105,BNO_GYRO_UC,39,-2900,0,0.005859,0.000000,-0.003906,0.005859,0.000000,-0.003906
607857,BNO_GYRO_UC,40,-3100,0,0.003906,0.000000,-0.005859,0.003906,0.000000,-0.005859
618307,BNO_GYRO_UC,41,-3200,0,0.001953,0.003906,-0.003906,0.001953,0.003906,-0.003906
627832,BNO_GYRO_UC,42,-2900,0,0.001953,0.001953,-0.003906,0.001953,0.001953,-0.003906
637027,BNO_GYRO_UC,43,-2700,0,-0.001953,0.003906,-0.003906,-0.001953,0.003906,-0.003906
647786,BNO_GYRO_UC,44,-3200,0,0.005859,0.001953,-0.003906,0.005859,0.001953,-0.003906
658597,BNO_GYRO_UC,45,-3400,0,0.003906,-0.003906,-0.005859,0.003906,-0.003906,-0.005859
668135,BNO_GYRO_UC,46,-2900,0,0.001953,-0.001953,-0.003906,0.001953,-0.001953,-0.003906
677469,BNO_GYRO_UC,47,-3100,0,0.001953,-0.001953,-0.003906,0.001953,-0.001953,-0.003906
688240,BNO_GYRO_UC,48,-3200,0,0.001953,0.001953,-0.003906,0.001953,0.001953,-0.003906
698892,BNO_GYRO_UC,49,-3400,0,0.000000,0.001953,-0.003906,0.000000,0.001953,-0.003906
708341,BNO_GYRO_UC,50,-2900,0,0.001953,-0.001953,-0.003906,0.001953,-0.001953,-0.003906
717582,BNO_GYRO_UC,51,-3100,0,0.003906,0.000000,-0.005859,0.003906,0.000000,-0.005859
727495,BNO_GYRO_UC,52,-3100,0,0.007812,-0.001953,-0.003906,0.007812,-0.001953,-0.003906
737644,BNO_GYRO_UC,53,-3100,0,0.003906,-0.001953,-0.001953,0.003906,-0.001953,-0.001953
748265,BNO_GYRO_UC,54,-3400,0,0.003906,-0.003906,-0.001953,0.003906,-0.003906,-0.001953
757154,BNO_GYRO_UC,55,-2500,0,0.007812,0.000000,-0.001953,0.007812,0.000000,-0.001953
768090,BNO_GYRO_UC,56,-3200,0,0.001953,-0.003906,-0.003906,0.001953,-0.003906,-0.003906
778889,BNO_GYRO_UC,57,-3600,0,0.005859,-0.001953,-0.001953,0.005859,-0.001953,-0.001953
788386,BNO_GYRO_UC,58,-2900,0,0.003906,0.001953,-0.001953,0.003906,0.001953,-0.001953
797740,BNO_GYRO_UC,59,-3100,0,0.001953,-0.003906,-0.003906,0.001953,-0.003906,-0.003906
808442,BNO_GYRO_UC,60,-3200,0,0.005859,-0.001953,-0.001953,0.005859,-0.001953,-0.001953
817851,BNO_GYRO_UC,61,-3200,0,0.005859,-0.001953,-0.001953,0.005859,-0.001953,-0.001953
828294,BNO_GYRO_UC,62,-3200,0,0.005859,0.001953,-0.005859,0.005859,0.001953,-0.005859
837376,BNO_GYRO_UC,63,-2700,0,0.000000,0.000000,-0.005859,0.000000,0.000000,-0.005859
849654,BNO_GYRO_UC,64,-4500,0,0.003906,-0.001953,-0.001953,0.003906,-0.001953,-0.001953
858872,BNO_GYRO_UC,65,-3400,0,0.001953,0.001953,-0.001953,0.001953,0.001953,-0.001953
868304,BNO_GYRO_UC,66,-2700,0,0.005859,-0.003906,-0.003906,0.005859,-0.003906,-0.003906
877293,BNO_GYRO_UC,67,-2700,0,0.003906,0.003906,-0.003906,0.003906,0.003906,-0.003906
888377,BNO_GYRO_UC,68,-3200,0,0.003906,0.003906,-0.005859,0.003906,0.003906,-0.005859
899171,BNO_GYRO_UC,69,-3600,0,0.005859,-0.001953,-0.003906,0.005859,-0.001953,-0.003906
908657,BNO_GYRO_UC,70,-2500,0,0.005859,-0.003906,-0.003906,0.005859,-0.003906,-0.003906
918087,BNO_GYRO_UC,71,-3200,0,0.003906,0.000000,0.000000,0.003906,0.000000,0.000000
928160,BNO_GYRO_UC,72,-3100,0,0.003906,-0.001953,-0.003906,0.003906,-0.001953,-0.003906
938187,BNO_GYRO_UC,73,-3100,0,0.003906,0.000000,-0.003906,0.003906,0.000000,-0.003906
948538,BNO_GYRO_UC,74,-3200,0,0.005859,0.000000,-0.003906,0.005859,0.000000,-0.003906
958058,BNO_GYRO_UC,75,-3200,0,0.003906,-0.001953,-0.003906,0.003906,-0.001953,-0.003906
968740,BNO_GYRO_UC,76,-3200,0,0.005859,0.001953,-0.003906,0.005859,0.001953,-0.003906
978285,BNO_GYRO_UC,77,-3200,0,0.003906,0.001953,-0.005859,0.003906,0.001953,-0.005859
988573,BNO_GYRO_UC,78,-3100,0,0.001953,0.000000,-0.005859,0.001953,0.000000,-0.005859
997614,BNO_GYRO_UC,79,-2700,0,0.001953,0.001953,-0.003906,0.001953,0.001953,-0.003906
1008862,BNO_GYRO_UC,80,-3200,0,0.005859,-0.001953,-0.005859,0.005859,-0.001953,-0.005859
1018331,BNO_GYRO_UC,81,-3200,0,0.001953,0.000000,-0.001953,0.001953,0.000000,-0.001953
1028990,BNO_GYRO_UC,82,-3400,0,0.003906,-0.001953,-0.001953,0.003906,-0.001953,-0.001953
1038240,BNO_GYRO_UC,83,-3200,0,-0.001953,0.001953,-0.003906,-0.001953,0.001953,-0.003906
1048245,BNO_GYRO_UC,84,-3100,0,0.001953,0.001953,-0.003906,0.001953,0.001953,-0.003906
1058397,BNO_GYRO_UC,85,-3200,0,0.003906,-0.001953,-0.003906,0.003906,-0.001953,-0.003906
1068680,BNO_GYRO_UC,86,-3200,0,0.003906,-0.001953,-0.003906,0.003906,-0.001953,-0.003906
1077829,BNO_GYRO_UC,87,-2500,0,0.001953,0.001953,-0.003906,0.001953,0.001953,-0.003906
1088985,BNO_GYRO_UC,88,-3100,0,0.001953,-0.003906,-0.003906,0.001953,-0.003906,-0.003906
1101181,BNO_GYRO_UC,89,-4900,0,0.003906,0.000000,-0.003906,0.003906,0.000000,-0.003906
1108570,BNO_GYRO_UC,90,-3100,0,-0.001953,-0.001953,-0.003906,-0.001953,-0.001953,-0.003906
1118761,BNO_GYRO_UC,91,-3400,0,0.005859,-0.003906,-0.001953,0.005859,-0.003906,-0.001953
1128064,BNO_GYRO_UC,92,-2700,0,0.007812,-0.003906,-0.003906,0.007812,-0.003906,-0.003906
1138421,BNO_GYRO_UC,93,-3200,0,0.003906,-0.001953,-0.003906,0.003906,-0.001953,-0.003906
1149275,BNO_GYRO_UC,94,-3400,0,-0.001953,0.000000,-0.003906,-0.001953,0.000000,-0.003906
1158739,BNO_GYRO_UC,95,-3200,0,-0.001953,0.001953,-0.003906,-0.001953,0.001953,-0.003906
1168509,BNO_GYRO_UC,96,-3100,0,0.003906,-0.001953,-0.001953,0.003906,-0.001953,-0.001953
1178493,BNO_GYRO_UC,97,-3100,0,0.001953,-0.003906,-0.003906,0.001953,-0.003906,-0.003906
1189199,BNO_GYRO_UC,98,-3400,0,-0.001953,-0.001953,-0.005859,-0.001953,-0.001953,-0.005859
1198559,BNO_GYRO_UC,99,-3200,0,0.005859,-0.001953,-0.003906,0.005859,-0.001953,-0.003906
1208472,BNO_GYRO_UC,100,-3100,0,0.003906,0.000000,-0.001953,0.003906,0.000000,-0.001953
1218933,BNO_GYRO_UC,101,-3200,0,0.001953,-0.003906,-0.003906,0.001953,-0.003906,-0.003906
1228902,BNO_GYRO_UC,102,-2900,0,0.001953,-0.003906,-0.001953,0.001953,-0.003906,-0.001953
1238704,BNO_GYRO_UC,103,-3100,0,0.003906,-0.001953,-0.001953,0.003906,-0.001953,-0.001953
1248638,BNO_GYRO_UC,104,-3200,0,0.003906,-0.001953,-0.003906,0.003906,-0.001953,-0.003906
1259064,BNO_GYRO_UC,105,-3200,0,-0.003906,-0.001953,-0.005859,-0.003906,-0.001953,-0.005859
1269093,BNO_GYRO_UC,106,-2900,0,0.003906,0.003906,-0.003906,0.003906,0.003906,-0.003906
1279279,BNO_GYRO_UC,107,-3400,0,0.001953,0.001953,-0.005859,0.001953,0.001953,-0.005859
1288808,BNO_GYRO_UC,108,-3100,0,0.001953,0.001953,-0.003906,0.001953,0.001953,-0.003906
1299172,BNO_GYRO_UC,109,-3200,0,0.003906,-0.001953,-0.003906,0.003906,-0.001953,-0.003906
1309200,BNO_GYRO_UC,110,-2700,0,0.007812,-0.001953,-0.003906,0.007812,-0.001953,-0.003906
1318869,BNO_GYRO_UC,111,-3200,0,0.001953,-0.001953,-0.003906,0.001953,-0.001953,-0.003906
1328664,BNO_GYRO_UC,112,-3100,0,0.005859,0.000000,-0.005859,0.005859,0.000000,-0.005859
1339353,BNO_GYRO_UC,113,-3200,0,0.003906,0.001953,-0.003906,0.003906,0.001953,-0.003906
1350589,BNO_GYRO_UC,114,-4200,0,-0.001953,-0.001953,-0.003906,-0.001953,-0.001953,-0.003906
1358896,BNO_GYRO_UC,115,-3400,0,0.001953,0.000000,-0.003906,0.001953,0.000000,-0.003906
1369264,BNO_GYRO_UC,116,-3200,0,0.001953,-0.001953,-0.001953,0.001953,-0.001953,-0.001953
1379618,BNO_GYRO_UC,117,-3200,0,0.000000,-0.001953,-0.005859,0.000000,-0.001953,-0.005859
1389381,BNO_GYRO_UC,118,-2700,0,0.003906,-0.003906,-0.003906,0.003906,-0.003906,-0.003906
1399557,BNO_GYRO_UC,119,-3200,0,0.005859,0.001953,-0.003906,0.005859,0.001953,-0.003906
1408908,BNO_GYRO_UC,120,-3200,0,0.005859,-0.001953,-0.001953,0.005859,-0.001953,-0.001953
1419721,BNO_GYRO_UC,121,-3200,0,0.003906,-0.003906,-0.001953,0.003906,-0.003906,-0.001953
1429478,BNO_GYRO_UC,122,-2700,0,0.001953,-0.001953,-0.003906,0.001953,-0.001953,-0.003906
1439083,BNO_GYRO_UC,123,-3200,0,-0.001953,-0.001953,-0.003906,-0.001953,-0.001953,-0.003906
1449433,BNO_GYRO_UC,124,-3100,0,0.003906,0.000000,-0.001953,0.003906,0.000000,-0.001953
1459734,BNO_GYRO_UC,125,-3200,0,0.003906,0.001953,-0.001953,0.003906,0.001953,-0.001953
1469548,BNO_GYRO_UC,126,-2900,0,0.000000,-0.005859,-0.003906,0.000000,-0.005859,-0.003906
1479431,BNO_GYRO_UC,127,-3400,0,0.000000,0.001953,-0.003906,0.000000,0.001953,-0.003906
1489049,BNO_GYRO_UC,128,-3100,0,0.003906,0.001953,-0.003906,0.003906,0.001953,-0.003906
1499574,BNO_GYRO_UC,129,-3200,0,0.005859,-0.001953,-0.003906,0.005859,-0.001953,-0.003906
1509777,BNO_GYRO_UC,130,-2900,0,0.005859,-0.001953,0.000000,0.005859,-0.001953,0.000000
1519907,BNO_GYRO_UC,131,-3200,0,0.005859,-0.001953,-0.003906,0.005859,-0.001953,-0.003906
1529059,BNO_GYRO_UC,132,-3100,0,0.007812,-0.001953,-0.003906,0.007812,-0.001953,-0.003906
1539673,BNO_GYRO_UC,133,-3200,0,0.003906,-0.001953,-0.001953,0.003906,-0.001953,-0.001953
1550293,BNO_GYRO_UC,134,-3400,0,0.003906,-0.001953,-0.007812,0.003906,-0.001953,-0.007812
1559860,BNO_GYRO_UC,135,-3400,0,0.000000,-0.001953,-0.003906,0.000000,-0.001953,-0.003906
1569678,BNO_GYRO_UC,136,-3200,0,0.000000,0.000000,-0.003906,0.000000,0.000000,-0.003906
1579893,BNO_GYRO_UC,137,-3200,0,-0.001953,0.001953,-0.001953,-0.001953,0.001953,-0.001953
1589992,BNO_GYRO_UC,138,-2700,0,0.003906,0.001953,-0.003906,0.003906,0.001953,-0.003906
1601487,BNO_GYRO_UC,139,-4500,0,0.003906,-0.001953,-0.003906,0.003906,-0.001953,-0.003906
1608978,BNO_GYRO_UC,140,-2700,0,0.009766,0.000000,-0.001953,0.009766,0.000000,-0.001953
1619737,BNO_GYRO_UC,141,-3200,0,0.003906,-0.001953,-0.003906,0.003906,-0.001953,-0.003906
1629839,BNO_GYRO_UC,142,-2900,0,0.005859,0.001953,-0.003906,0.005859,0.001953,-0.003906
1639622,BNO_GYRO_UC,143,-3100,0,0.001953,0.000000,-0.003906,0.001953,0.000000,-0.003906
1650015,BNO_GYRO_UC,144,-3200,0,0.003906,0.000000,-0.003906,0.003906,0.000000,-0.003906
1659396,BNO_GYRO_UC,145,-3100,0,0.001953,-0.003906,-0.005859,0.003906,0.000000,-0.003906
1670140,BNO_GYRO_UC,146,-3400,0,0.001953,-0.001953,-0.001953,0.003906,0.000000,-0.003906
1680315,BNO_GYRO_UC,147,-3200,0,0.001953,0.000000,-0.003906,0.003906,0.000000,-0.003906
1689451,BNO_GYRO_UC,148,-3200,0,0.005859,0.003906,-0.005859,0.003906,0.000000,-0.003906
1700253,BNO_GYRO_UC,149,-3200,0,0.003906,-0.003906,-0.003906,0.003906,0.000000,-0.003906
1710653,BNO_GYRO_UC,150,-3200,0,0.000000,-0.003906,-0.005859,0.003906,0.000000,-0.003906
1720073,BNO_GYRO_UC,151,-3200,0,0.005859,0.000000,-0.001953,0.003906,0.000000,-0.003906
1729143,BNO_GYRO_UC,152,-2700,0,0.001953,0.001953,-0.001953,0.003906,0.000000,-0.003906
1739921,BNO_GYRO_UC,153,-3200,0,0.003906,0.000000,-0.001953,0.003906,0.000000,-0.003906
1750415,BNO_GYRO_UC,154,-3200,0,0.001953,-0.003906,-0.005859,0.003906,0.000000,-0.003906
1759955,BNO_GYRO_UC,155,-3100,0,0.003906,0.001953,-0.003906,0.003906,0.000000,-0.003906
1770293,BNO_GYRO_UC,156,-3100,0,0.001953,0.000000,-0.003906,0.003906,0.000000,-0.003906
1779778,BNO_GYRO_UC,157,-3200,0,0.001953,-0.001953,-0.001953,0.003906,0.000000,-0.003906
1790309,BNO_GYRO_UC,158,-3200,0,0.001953,-0.001953,-0.001953,0.003906,0.000000,-0.003906
1800066,BNO_GYRO_UC,159,-3100,0,0.005859,-0.005859,-0.005859,0.003906,0.000000,-0.003906
1809767,BNO_GYRO_UC,160,-3200,0,0.003906,-0.003906,-0.003906,0.003906,0.000000,-0.003906
1820505,BNO_GYRO_UC,161,-3200,0,0.001953,-0.003906,-0.003906,0.003906,0.000000,-0.003906
1830894,BNO_GYRO_UC,162,-3200,0,-0.003906,0.000000,-0.003906,0.003906,0.000000,-0.003906
1840253,BNO_GYRO_UC,163,-3200,0,0.005859,-0.001953,-0.003906,0.003906,0.000000,-0.003906
1849295,BNO_GYRO_UC,164,-2700,0,0.005859,-0.001953,-0.005859,0.003906,0.000000,-0.003906
1860379,BNO_GYRO_UC,165,-3600,0,0.000000,0.000000,-0.003906,0.003906,0.000000,-0.003906
1871034,BNO_GYRO_UC,166,-4000,0,0.001953,-0.003906,-0.003906,0.003906,0.000000,-0.003906
1880399,BNO_GYRO_UC,167,-3200,0,0.001953,-0.001953,-0.003906,0.003906,0.000000,-0.003906
1889551,BNO_GYRO_UC,168,-2700,0,0.001953,-0.003906,-0.003906,0.003906,0.000000,-0.003906
1900267,BNO_GYRO_UC,169,-3200,0,0.005859,-0.001953,-0.005859,0.003906,0.000000,-0.003906
1910830,BNO_GYRO_UC,170,-3400,0,0.007812,-0.001953,-0.001953,0.003906,0.000000,-0.003906
1920438,BNO_GYRO_UC,171,-2900,0,0.003906,-0.001953,-0.001953,0.003906,0.000000,-0.003906
1930146,BNO_GYRO_UC,172,-3100,0,0.003906,0.001953,-0.003906,0.003906,0.000000,-0.003906
1939932,BNO_GYRO_UC,173,-3200,0,0.000000,-0.001953,-0.003906,0.003906,0.000000,-0.003906
1950996,BNO_GYRO_UC,174,-3600,0,0.003906,0.000000,-0.003906,0.003906,0.000000,-0.003906
1960659,BNO_GYRO_UC,175,-3200,0,0.007812,-0.003906,-0.003906,0.003906,0.000000,-0.003906
1970310,BNO_GYRO_UC,176,-3400,0,0.003906,0.001953,-0.003906,0.003906,0.000000,-0.003906
1980207,BNO_GYRO_UC,177,-3200,0,0.003906,-0.001953,-0.005859,0.003906,0.000000,-0.003906
1991065,BNO_GYRO_UC,178,-3600,0,0.001953,0.001953,-0.003906,0.003906,0.000000,-0.003906
2000785,BNO_GYRO_UC,179,-3400,0,0.001953,-0.001953,-0.003906,0.003906,0.000000,-0.003906
2010306,BNO_GYRO_UC,180,-3200,0,-0.001953,-0.001953,-0.001953,0.003906,0.000000,-0.003906
2020369,BNO_GYRO_UC,181,-3200,0,0.001953,0.000000,-0.005859,0.003906,0.000000,-0.003906
2031386,BNO_GYRO_UC,182,-4000,0,0.005859,0.000000,-0.003906,0.003906,0.000000,-0.003906
2041114,BNO_GYRO_UC,183,-3200,0,0.001953,-0.003906,-0.005859,0.003906,0.000000,-0.003906
2050820,BNO_GYRO_UC,184,-3400,0,0.005859,-0.001953,-0.001953,0.003906,0.000000,-0.003906
2060389,BNO_GYRO_UC,185,-3200,0,0.007812,-0.001953,-0.003906,0.003906,0.000000,-0.003906
2070706,BNO_GYRO_UC,186,-3600,0,0.001953,-0.003906,-0.001953,0.003906,0.000000,-0.003906
2080824,BNO_GYRO_UC,187,-3400,0,0.001953,-0.001953,-0.003906,0.003906,0.000000,-0.003906
2090254,BNO_GYRO_UC,188,-3200,0,0.003906,0.001953,-0.003906,0.003906,0.000000,-0.003906
2101130,BNO_GYRO_UC,189,-3200,0,0.003906,-0.001953,-0.003906,0.003906,0.000000,-0.003906
2111672,BNO_GYRO_UC,190,-3400,0,0.000000,-0.005859,-0.003906,0.003906,0.000000,-0.003906
2121584,BNO_GYRO_UC,191,-3800,0,0.001953,0.001953,-0.003906,0.003906,0.000000,-0.003906
2130468,BNO_GYRO_UC,192,-3200,0,0.001953,0.000000,-0.001953,0.003906,0.000000,-0.003906
2140592,BNO_GYRO_UC,193,-3200,0,0.005859,-0.001953,-0.001953,0.003906,0.000000,-0.003906
2151633,BNO_GYRO_UC,194,-4000,0,0.005859,0.000000,-0.001953,0.003906,0.000000,-0.003906
2161006,BNO_GYRO_UC,195,-2700,0,0.003906,-0.003906,-0.003906,0.003906,0.000000,-0.003906
2170648,BNO_GYRO_UC,196,-3200,0,0.005859,-0.003906,-0.003906,0.003906,0.000000,-0.003906
2180693,BNO_GYRO_UC,197,-3200,0,0.005859,-0.001953,-0.003906,0.003906,0.000000,-0.003906
2190969,BNO_GYRO_UC,198,-3600,0,0.001953,0.000000,-0.003906,0.003906,0.000000,-0.003906
2201136,BNO_GYRO_UC,199,-3200,0,0.005859,-0.001953,-0.003906,0.003906,0.000000,-0.003906
2210627,BNO_GYRO_UC,200,-3200,0,0.001953,-0.001953,-0.003906,0.003906,0.000000,-0.003906
2220760,BNO_GYRO_UC,201,-3400,0,-0.001953,-0.001953,-0.005859,0.003906,0.000000,-0.003906
2231112,BNO_GYRO_UC,202,-3800,0,0.003906,0.001953,-0.001953,0.003906,0.000000,-0.003906
2241174,BNO_GYRO_UC,203,-3200,0,0.001953,-0.003906,-0.003906,0.003906,0.000000,-0.003906
2250676,BNO_GYRO_UC,204,-3200,0,0.003906,-0.001953,-0.001953,0.003906,0.000000,-0.003906
2260762,BNO_GYRO_UC,205,-3200,0,0.003906,-0.003906,-0.003906,0.003906,0.000000,-0.003906
2271823,BNO_GYRO_UC,206,-4000,0,0.005859,0.000000,-0.003906,0.003906,0.000000,-0.003906
2281557,BNO_GYRO_UC,207,-3200,0,0.001953,-0.001953,-0.003906,0.003906,0.000000,-0.003906
2290904,BNO_GYRO_UC,208,-3400,0,0.005859,-0.001953,-0.003906,0.003906,0.000000,-0.003906
2300906,BNO_GYRO_UC,209,-3200,0,0.003906,-0.003906,-0.003906,0.003906,0.000000,-0.003906
2310955,BNO_GYRO_UC,210,-3400,0,0.003906,-0.003906,-0.003906,0.003906,0.000000,-0.003906
2321386,BNO_GYRO_UC,211,-3400,0,0.003906,-0.001953,-0.003906,0.003906,0.000000,-0.003906
2330851,BNO_GYRO_UC,212,-3200,0,0.007812,0.001953,-0.001953,0.003906,0.000000,-0.003906
2340929,BNO_GYRO_UC,213,-3200,0,0.000000,-0.001953,-0.003906,0.003906,0.000000,-0.003906
2351722,BNO_GYRO_UC,214,-3600,0,0.001953,-0.001953,-0.005859,0.003906,0.000000,-0.003906
2361482,BNO_GYRO_UC,215,-3100,0,0.001953,0.000000,-0.005859,0.003906,0.000000,-0.003906
2371019,BNO_GYRO_UC,216,-3200,0,0.007812,0.001953,-0.003906,0.003906,0.000000,-0.003906
2380985,BNO_GYRO_UC,217,-3200,0,0.005859,0.000000,-0.003906,0.003906,0.000000,-0.003906
2391801,BNO_GYRO_UC,218,-3800,0,0.001953,-0.003906,-0.005859,0.003906,0.000000,-0.003906
2401479,BNO_GYRO_UC,219,-2900,0,0.001953,-0.001953,0.000000,0.003906,0.000000,-0.003906
2410787,BNO_GYRO_UC,220,-3100,0,-0.001953,0.001953,-0.003906,0.003906,0.000000,-0.003906
2421141,BNO_GYRO_UC,221,-3200,0,-0.001953,-0.003906,-0.005859,0.003906,0.000000,-0.003906
2431104,BNO_GYRO_UC,222,-3200,0,0.001953,-0.003906,-0.003906,0.003906,0.000000,-0.003906
2441626,BNO_GYRO_UC,223,-3400,0,0.005859,-0.005859,-0.003906,0.003906,0.000000,-0.003906
2450919,BNO_GYRO_UC,224,-2900,0,0.003906,-0.003906,-0.003906,0.003906,0.000000,-0.003906
2461226,BNO_GYRO_UC,225,-3200,0,-0.001953,0.001953,-0.003906,0.003906,0.000000,-0.003906
2471219,BNO_GYRO_UC,226,-3200,0,-0.003906,-0.001953,-0.001953,0.003906,0.000000,-0.003906
2481690,BNO_GYRO_UC,227,-3200,0,0.005859,0.001953,-0.001953,0.003906,0.000000,-0.003906
2491180,BNO_GYRO_UC,228,-3100,0,0.001953,0.000000,-0.003906,0.003906,0.000000,-0.003906
2501331,BNO_GYRO_UC,229,-3400,0,0.003906,0.001953,-0.003906,0.003906,0.000000,-0.003906
2511170,BNO_GYRO_UC,230,-3200,0,0.001953,-0.001953,-0.003906,0.003906,0.000000,-0.003906
2522047,BNO_GYRO_UC,231,-3800,0,0.003906,0.001953,-0.003906,0.003906,0.000000,-0.003906
2531312,BNO_GYRO_UC,232,-3200,0,0.000000,0.001953,-0.003906,0.003906,0.000000,-0.003906
2541294,BNO_GYRO_UC,233,-3200,0,0.005859,0.000000,-0.003906,0.003906,0.000000,-0.003906
2552169,BNO_GYRO_UC,234,-3800,0,0.003906,-0.003906,-0.003906,0.003906,0.000000,-0.003906
2562018,BNO_GYRO_UC,235,-3100,0,0.003906,-0.003906,-0.005859,0.003906,0.000000,-0.003906
2571500,BNO_GYRO_UC,236,-3400,0,0.005859,-0.001953,-0.001953,0.003906,0.000000,-0.003906
2581876,BNO_GYRO_UC,237,-3400,0,0.000000,-0.001953,-0.001953,0.003906,0.000000,-0.003906
2591344,BNO_GYRO_UC,238,-3200,0,0.003906,0.000000,-0.001953,0.003906,0.000000,-0.003906
2602246,BNO_GYRO_UC,239,-3800,0,0.003906,-0.003906,-0.003906,0.003906,0.000000,-0.003906
2611706,BNO_GYRO_UC,240,-3600,0,0.003906,-0.001953,-0.003906,0.003906,0.000000,-0.003906
2621382,BNO_GYRO_UC,241,-3200,0,0.007812,-0.001953,-0.003906,0.003906,0.000000,-0.003906
2631831,BNO_GYRO_UC,242,-3600,0,0.003906,-0.003906,-0.003906,0.003906,0.000000,-0.003906
2641911,BNO_GYRO_UC,243,-3400,0,0.003906,-0.001953,-0.003906,0.003906,0.000000,-0.003906
2651407,BNO_GYRO_UC,244,-3100,0,0.001953,-0.001953,-0.001953,0.003906,0.000000,-0.003906
2661611,BNO_GYRO_UC,245,-3400,0,0.003906,-0.003906,-0.005859,0.003906,0.000000,-0.003906
2671430,BNO_GYRO_UC,246,-3100,0,0.001953,-0.001953,-0.003906,0.001953,-0.001953,-0.003906
2681892,BNO_GYRO_UC,247,-3200,0,-0.001953,-0.001953,-0.003906,-0.001953,-0.001953,-0.003906
2691965,BNO_GYRO_UC,248,-3200,0,0.000000,-0.001953,-0.003906,0.000000,-0.001953,-0.003906
2701532,BNO_GYRO_UC,249,-3100,0,0.003906,0.000000,-0.001953,0.003906,0.000000,-0.001953
2712082,BNO_GYRO_UC,250,-3200,0,0.001953,-0.003906,-0.003906,0.001953,-0.003906,-0.003906
2722006,BNO_GYRO_UC,251,-2700,0,0.005859,0.000000,-0.005859,0.005859,0.000000,-0.005859
2732131,BNO_GYRO_UC,252,-3200,0,0.001953,0.000000,-0.001953,0.001953,0.000000,-0.001953
2741592,BNO_GYRO_UC,253,-3200,0,0.003906,0.001953,-0.003906,0.003906,0.001953,-0.003906
2752103,BNO_GYRO_UC,254,-3200,0,-0.001953,-0.001953,-0.003906,-0.001953,-0.001953,-0.003906
2761997,BNO_GYRO_UC,255,-2900,0,0.001953,-0.001953,-0.001953,0.001953,-0.001953,-0.001953
2772229,BNO_GYRO_UC,256,-3200,0,0.000000,-0.001953,-0.001953,0.000000,-0.001953,-0.001953
2781720,BNO_GYRO_UC,257,-3200,0,0.001953,0.001953,-0.003906,0.001953,0.001953,-0.003906
2792260,BNO_GYRO_UC,258,-3100,0,0.003906,-0.001953,-0.003906,0.003906,-0.001953,-0.003906
2802152,BNO_GYRO_UC,259,-2700,0,0.003906,0.001953,-0.003906,0.003906,0.001953,-0.003906
2812377,BNO_GYRO_UC,260,-3200,0,-0.001953,-0.003906,-0.003906,-0.001953,-0.003906,-0.003906
2821751,BNO_GYRO_UC,261,-3200,0,0.001953,-0.001953,-0.003906,0.001953,-0.001953,-0.003906
2832159,BNO_GYRO_UC,262,-3200,0,0.003906,-0.001953,-0.003906,0.003906,-0.001953,-0.003906
2842266,BNO_GYRO_UC,263,-2900,0,0.001953,-0.003906,-0.005859,0.001953,-0.003906,-0.005859
2852587,BNO_GYRO_UC,264,-3200,0,0.001953,-0.001953,-0.003906,0.001953,-0.001953,-0.003906
2864147,BNO_GYRO_UC,265,-5400,0,0.001953,-0.005859,-0.005859,0.001953,-0.005859,-0.005859
2871764,BNO_GYRO_UC,266,-3100,0,0.003906,-0.003906,-0.003906,0.003906,-0.003906,-0.003906
2882497,BNO_GYRO_UC,267,-3400,0,0.003906,-0.001953,-0.005859,0.003906,-0.001953,-0.005859
2892290,BNO_GYRO_UC,268,-3400,0,0.001953,0.000000,-0.003906,0.001953,0.000000,-0.003906
2901862,BNO_GYRO_UC,269,-3100,0,0.003906,-0.001953,-0.003906,0.003906,-0.001953,-0.003906
2912422,BNO_GYRO_UC,270,-3200,0,0.001953,0.003906,-0.003906,0.001953,0.003906,-0.003906
2922973,BNO_GYRO_UC,271,-3400,0,0.003906,-0.001953,-0.003906,0.003906,-0.001953,-0.003906
2932349,BNO_GYRO_UC,272,-3400,0,0.003906,-0.005859,0.000000,0.003906,-0.005859,0.000000
2941914,BNO_GYRO_UC,273,-3100,0,0.001953,-0.001953,-0.003906,0.001953,-0.001953,-0.003906
2952495,BNO_GYRO_UC,274,-3200,0,0.000000,-0.003906,-0.005859,0.000000,-0.003906,-0.005859
2962858,BNO_GYRO_UC,275,-3200,0,0.003906,-0.001953,-0.003906,0.003906,-0.001953,-0.003906
2972508,BNO_GYRO_UC,276,-3400,0,0.003906,-0.003906,-0.003906,0.003906,-0.003906,-0.003906
2982073,BNO_GYRO_UC,277,-3100,0,0.003906,-0.001953,-0.001953,0.003906,-0.001953,-0.001953
2992549,BNO_GYRO_UC,278,-3200,0,0.003906,-0.001953,-0.001953,0.003906,-0.001953,-0.001953
3003092,BNO_GYRO_UC,279,-3200,0,0.005859,0.001953,-0.001953,0.005859,0.001953,-0.001953
3012631,BNO_GYRO_UC,280,-3400,0,0.003906,-0.001953,-0.001953,0.003906,-0.001953,-0.001953
3022104,BNO_GYRO_UC,281,-3100,0,0.005859,-0.001953,-0.003906,0.005859,-0.001953,-0.003906
3032851,BNO_GYRO_UC,282,-3200,0,0.003906,-0.001953,-0.003906,0.003906,-0.001953,-0.003906
3042919,BNO_GYRO_UC,283,-2900,0,0.000000,0.001953,-0.003906,0.000000,0.001953,-0.003906
3053189,BNO_GYRO_UC,284,-3200,0,0.003906,0.000000,-0.001953,0.003906,0.000000,-0.001953
3062139,BNO_GYRO_UC,285,-3200,0,-0.003906,-0.001953,-0.005859,-0.003906,-0.001953,-0.005859
3072918,BNO_GYRO_UC,286,-3200,0,0.001953,-0.005859,-0.003906,0.001953,-0.005859,-0.003906
3083558,BNO_GYRO_UC,287,-3400,0,0.005859,-0.001953,-0.001953,0.005859,-0.001953,-0.001953
3092948,BNO_GYRO_UC,288,-3400,0,0.003906,0.000000,-0.005859,0.003906,0.000000,-0.005859
3102320,BNO_GYRO_UC,289,-3100,0,0.000000,0.001953,-0.003906,0.000000,0.001953,-0.003906
3114742,BNO_GYRO_UC,290,-5100,0,0.001953,-0.003906,-0.005859,0.001953,-0.003906,-0.005859
3123132,BNO_GYRO_UC,291,-2900,0,0.005859,0.001953,-0.003906,0.005859,0.001953,-0.003906
3132665,BNO_GYRO_UC,292,-3200,0,0.001953,0.000000,-0.001953,0.001953,0.000000,-0.001953
3142864,BNO_GYRO_UC,293,-3100,0,-0.001953,-0.003906,-0.005859,-0.001953,-0.003906,-0.005859
3153216,BNO_GYRO_UC,294,-3100,0,0.001953,0.000000,-0.005859,0.001953,0.000000,-0.005859
3163110,BNO_GYRO_UC,295,-2500,0,0.003906,0.001953,-0.003906,0.003906,0.001953,-0.003906
3173455,BNO_GYRO_UC,296,-3400,0,0.000000,0.001953,-0.003906,0.000000,0.001953,-0.003906
3182141,BNO_GYRO_UC,297,-2900,0,0.001953,0.000000,-0.003906,0.001953,0.000000,-0.003906
3192779,BNO_GYRO_UC,298,-3200,0,0.003906,-0.001953,-0.005859,0.003906,-0.001953,-0.005859
3203292,BNO_GYRO_UC,299,-3200,0,0.001953,-0.001953,-0.003906,0.001953,-0.001953,-0.003906
3212630,BNO_GYRO_UC,300,-2900,0,0.005859,-0.001953,-0.003906,0.005859,-0.001953,-0.003906
3222273,BNO_GYRO_UC,301,-2900,0,0.003906,-0.001953,-0.005859,0.003906,-0.001953,-0.005859
3232887,BNO_GYRO_UC,302,-3100,0,-0.003906,-0.001953,-0.003906,-0.003906,-0.001953,-0.003906
3243468,BNO_GYRO_UC,303,-3200,0,-0.001953,-0.001953,-0.003906,-0.001953,-0.001953,-0.003906
3253013,BNO_GYRO_UC,304,-3100,0,0.001953,-0.001953,-0.003906,0.001953,-0.001953,-0.003906
3262692,BNO_GYRO_UC,305,-3100,0,0.005859,0.001953,-0.001953,0.005859,0.001953,-0.001953
3273317,BNO_GYRO_UC,306,-3100,0,0.005859,-0.001953,-0.001953,0.005859,-0.001953,-0.001953
3283235,BNO_GYRO_UC,307,-2700,0,0.007812,-0.001953,-0.005859,0.007812,-0.001953,-0.005859
3293603,BNO_GYRO_UC,308,-3200,0,0.001953,-0.001953,-0.003906,0.001953,-0.001953,-0.003906
3302871,BNO_GYRO_UC,309,-3200,0,0.003906,-0.001953,-0.003906,0.003906,-0.001953,-0.003906
3312705,BNO_GYRO_UC,310,-3100,0,0.003906,-0.001953,-0.003906,0.003906,-0.001953,-0.003906
3323634,BNO_GYRO_UC,311,-3800,0,0.001953,0.001953,-0.003906,0.001953,0.001953,-0.003906
3333150,BNO_GYRO_UC,312,-2900,0,0.001953,-0.001953,-0.003906,0.001953,-0.001953,-0.003906
3342913,BNO_GYRO_UC,313,-3100,0,0.003906,-0.001953,-0.003906,0.003906,-0.001953,-0.003906
3352763,BNO_GYRO_UC,314,-3100,0,0.000000,0.000000,-0.003906,0.000000,0.000000,-0.003906
3364769,BNO_GYRO_UC,315,-4900,0,0.000000,0.001953,-0.005859,0.000000,0.001953,-0.005859
3373743,BNO_GYRO_UC,316,-3400,0,0.007812,-0.001953,-0.003906,0.007812,-0.001953,-0.003906
3382671,BNO_GYRO_UC,317,-3100,0,0.003906,0.001953,-0.003906,0.003906,0.001953,-0.003906
3393217,BNO_GYRO_UC,318,-3200,0,0.001953,0.000000,-0.003906,0.001953,0.000000,-0.003906
3403180,BNO_GYRO_UC,319,-3400,0,-0.001953,-0.001953,-0.005859,-0.001953,-0.001953,-0.005859
3413227,BNO_GYRO_UC,320,-3200,0,0.005859,0.001953,-0.003906,0.005859,0.001953,-0.003906
3422316,BNO_GYRO_UC,321,-2500,0,0.001953,0.000000,-0.005859,0.001953,0.000000,-0.005859
3433061,BNO_GYRO_UC,322,-3100,0,0.003906,0.001953,0.000000,0.003906,0.001953,0.000000
3443942,BNO_GYRO_UC,323,-3400,0,0.003906,-0.001953,-0.003906,0.003906,-0.001953,-0.003906
3453321,BNO_GYRO_UC,324,-2700,0,0.001953,-0.003906,-0.005859,0.001953,-0.003906,-0.005859
3463600,BNO_GYRO_UC,325,-3100,0,-0.003906,0.001953,-0.003906,-0.003906,0.001953,-0.003906
3473005,BNO_GYRO_UC,326,-3200,0,0.003906,-0.001953,-0.003906,0.003906,-0.001953,-0.003906
3483536,BNO_GYRO_UC,327,-3600,0,0.003906,-0.003906,-0.001953,0.003906,-0.003906,-0.001953
3493349,BNO_GYRO_UC,328,-2900,0,0.001953,0.001953,-0.003906,0.001953,0.001953,-0.003906
3502588,BNO_GYRO_UC,329,-2700,0,0.003906,-0.001953,-0.003906,0.003906,-0.001953,-0.003906
3513271,BNO_GYRO_UC,330,-3100,0,-0.001953,-0.001953,-0.005859,-0.001953,-0.001953,-0.005859
3524206,BNO_GYRO_UC,331,-3600,0,0.001953,0.000000,-0.003906,0.001953,0.000000,-0.003906
3533742,BNO_GYRO_UC,332,-2700,0,0.001953,-0.001953,-0.003906,0.001953,-0.001953,-0.003906
3543141,BNO_GYRO_UC,333,-3100,0,0.001953,-0.001953,-0.003906,0.001953,-0.001953,-0.003906
3553771,BNO_GYRO_UC,334,-3100,0,0.001953,0.001953,-0.001953,0.001953,0.001953,-0.001953
3564292,BNO_GYRO_UC,335,-3100,0,0.001953,-0.001953,-0.003906,0.001953,-0.001953,-0.003906
3573767,BNO_GYRO_UC,336,-2700,0,0.001953,-0.001953,-0.003906,0.001953,-0.001953,-0.003906
3582814,BNO_GYRO_UC,337,-2700,0,0.003906,-0.001953,-0.001953,0.003906,-0.001953,-0.001953
3593512,BNO_GYRO_UC,338,-3200,0,-0.001953,0.001953,-0.005859,-0.001953,0.001953,-0.005859
3604403,BNO_GYRO_UC,339,-3600,0,0.001953,0.000000,-0.003906,0.001953,0.000000,-0.003906
3615039,BNO_GYRO_UC,340,-4000,0,0.001953,-0.005859,-0.003906,0.001953,-0.005859,-0.003906
3623089,BNO_GYRO_UC,341,-2900,0,0.001953,0.000000,-0.001953,0.001953,0.000000,-0.001953
3633589,BNO_GYRO_UC,342,-3200,0,0.003906,0.003906,-0.003906,0.003906,0.003906,-0.003906
3643318,BNO_GYRO_UC,343,-3100,0,0.003906,0.001953,-0.001953,0.003906,0.001953,-0.001953
3653858,BNO_GYRO_UC,344,-3100,0,0.003906,-0.003906,-0.001953,0.003906,-0.003906,-0.001953
3663427,BNO_GYRO_UC,345,-3100,0,0.003906,0.000000,-0.005859,0.003906,0.000000,-0.005859
3674013,BNO_GYRO_UC,346,-3200,0,0.005859,-0.001953,-0.001953,0.005859,-0.001953,-0.001953
3684389,BNO_GYRO_UC,347,-3600,0,0.003906,0.001953,-0.003906,0.003906,0.001953,-0.003906
3693979,BNO_GYRO_UC,348,-2700,0,0.003906,0.000000,-0.003906,0.003906,0.000000,-0.003906
3703458,BNO_GYRO_UC,349,-3100,0,0.001953,0.001953,-0.003906,0.001953,0.001953,-0.003906
3713923,BNO_GYRO_UC,350,-3100,0,0.003906,-0.005859,-0.003906,0.003906,-0.005859,-0.003906
3724869,BNO_GYRO_UC,351,-3600,0,0.001953,0.000000,-0.001953,0.001953,0.000000,-0.001953
3734369,BNO_GYRO_UC,352,-2900,0,-0.001953,0.003906,-0.003906,-0.001953,0.003906,-0.003906
3743818,BNO_GYRO_UC,353,-3400,0,0.003906,0.001953,-0.003906,0.003906,0.001953,-0.003906
3753616,BNO_GYRO_UC,354,-3100,0,0.005859,-0.001953,-0.005859,0.005859,-0.001953,-0.005859
3763549,BNO_GYRO_UC,355,-3100,0,0.007812,0.000000,-0.003906,0.007812,0.000000,-0.003906
3773953,BNO_GYRO_UC,356,-3100,0,0.001953,0.001953,-0.003906,0.001953,0.001953,-0.003906
3783199,BNO_GYRO_UC,357,-2700,0,0.003906,0.001953,-0.005859,0.003906,0.001953,-0.005859
3794070,BNO_GYRO_UC,358,-3100,0,0.001953,0.000000,-0.003906,0.001953,0.000000,-0.003906
3803475,BNO_GYRO_UC,359,-3100,0,0.001953,0.001953,-0.003906,0.001953,0.001953,-0.003906
3814215,BNO_GYRO_UC,360,-3400,0,0.005859,0.000000,-0.003906,0.005859,0.000000,-0.003906
3823207,BNO_GYRO_UC,361,-2700,0,0.005859,0.000000,-0.005859,0.005859,0.000000,-0.005859
3834244,BNO_GYRO_UC,362,-3200,0,0.001953,0.000000,-0.003906,0.001953,0.000000,-0.003906
3843663,BNO_GYRO_UC,363,-3200,0,-0.003906,0.000000,-0.003906,-0.003906,0.000000,-0.003906
3854365,BNO_GYRO_UC,364,-3200,0,0.001953,0.000000,-0.003906,0.001953,0.000000,-0.003906
3864923,BNO_GYRO_UC,365,-4300,0,0.003906,0.000000,-0.003906,0.003906,0.000000,-0.003906
3874022,BNO_GYRO_UC,366,-3100,0,0.003906,-0.001953,-0.001953,0.003906,-0.001953,-0.001953
3884558,BNO_GYRO_UC,367,-3600,0,0.000000,-0.001953,-0.003906,0.000000,-0.001953,-0.003906
3894273,BNO_GYRO_UC,368,-2500,0,0.000000,-0.001953,-0.003906,0.000000,-0.001953,-0.003906
3903224,BNO_GYRO_UC,369,-2500,0,0.003906,0.001953,-0.001953,0.003906,0.001953,-0.001953
3914477,BNO_GYRO_UC,370,-3100,0,0.001953,0.001953,-0.001953,0.001953,0.001953,-0.001953
3923821,BNO_GYRO_UC,371,-3100,0,0.005859,-0.001953,-0.003906,0.005859,-0.001953,-0.003906
3934593,BNO_GYRO_UC,372,-3400,0,0.000000,0.000000,-0.003906,0.000000,0.000000,-0.003906
3944086,BNO_GYRO_UC,373,-3200,0,0.003906,0.000000,-0.003906,0.003906,0.000000,-0.003906
3953923,BNO_GYRO_UC,374,-3100,0,0.001953,0.001953,-0.003906,0.001953,0.001953,-0.003906
3964409,BNO_GYRO_UC,375,-3200,0,0.001953,-0.001953,-0.001953,0.001953,-0.001953,-0.001953
3974373,BNO_GYRO_UC,376,-2900,0,0.001953,-0.001953,-0.003906,0.001953,-0.001953,-0.003906
3984134,BNO_GYRO_UC,377,-3100,0,0.003906,-0.001953,-0.005859,0.003906,-0.001953,-0.005859
3994005,BNO_GYRO_UC,378,-3100,0,0.005859,0.003906,-0.003906,0.005859,0.003906,-0.003906
4004305,BNO_GYRO_UC,379,-3200,0,0.000000,0.000000,-0.001953,0.000000,0.000000,-0.001953
4014912,BNO_GYRO_UC,380,-3200,0,0.005859,-0.001953,-0.001953,0.005859,-0.001953,-0.001953
4024303,BNO_GYRO_UC,381,-3200,0,0.005859,0.000000,-0.003906,0.005859,0.000000,-0.003906
4033909,BNO_GYRO_UC,382,-3100,0,0.003906,-0.001953,-0.005859,0.003906,-0.001953,-0.005859
4044371,BNO_GYRO_UC,383,-3200,0,-0.001953,0.000000,-0.003906,-0.001953,0.000000,-0.003906
4054626,BNO_GYRO_UC,384,-2900,0,0.007812,0.000000,-0.001953,0.007812,0.000000,-0.001953
4064137,BNO_GYRO_UC,385,-3100,0,0.003906,0.000000,-0.005859,0.003906,0.000000,-0.005859
4074099,BNO_GYRO_UC,386,-3100,0,0.001953,0.000000,-0.001953,0.001953,0.000000,-0.001953
4084726,BNO_GYRO_UC,387,-3200,0,0.003906,0.001953,-0.001953,0.003906,0.001953,-0.001953
4094710,BNO_GYRO_UC,388,-2700,0,0.003906,-0.001953,-0.003906,0.003906,-0.001953,-0.003906
4104949,BNO_GYRO_UC,389,-3200,0,0.003906,-0.001953,-0.001953,0.003906,-0.001953,-0.001953
4115539,BNO_GYRO_UC,390,-4300,0,0.000000,0.000000,-0.003906,0.000000,0.000000,-0.003906
4124222,BNO_GYRO_UC,391,-3100,0,0.003906,-0.001953,-0.001953,0.003906,-0.001953,-0.001953
4135430,BNO_GYRO_UC,392,-3400,0,0.000000,-0.001953,-0.003906,0.000000,-0.001953,-0.003906
4144786,BNO_GYRO_UC,393,-3200,0,0.007812,-0.001953,-0.001953,0.007812,-0.001953,-0.001953
4154259,BNO_GYRO_UC,394,-3100,0,0.005859,-0.003906,-0.003906,0.005859,-0.003906,-0.003906
4164729,BNO_GYRO_UC,395,-3100,0,0.000000,-0.001953,-0.003906,0.000000,-0.001953,-0.003906
4175474,BNO_GYRO_UC,396,-3400,0,0.001953,-0.003906,-0.003906,0.001953,-0.003906,-0.003906
4184830,BNO_GYRO_UC,397,-3400,0,0.001953,0.001953,-0.005859,0.001953,0.001953,-0.005859
4194403,BNO_GYRO_UC,398,-3100,0,0.001953,-0.001953,-0.001953,0.001953,-0.001953,-0.001953
4204949,BNO_GYRO_UC,399,-3100,0,0.000000,-0.003906,-0.003906,0.000000,-0.003906,-0.003906
4215526,BNO_GYRO_UC,400,-3100,0,0.000000,0.001953,-0.003906,0.000000,0.001953,-0.003906
4224932,BNO_GYRO_UC,401,-3400,0,0.003906,-0.001953,-0.003906,0.003906,-0.001953,-0.003906
4234540,BNO_GYRO_UC,402,-3100,0,0.003906,0.001953,-0.003906,0.003906,0.001953,-0.003906
4244986,BNO_GYRO_UC,403,-3100,0,0.001953,0.000000,-0.005859,0.001953,0.000000,-0.005859
4255693,BNO_GYRO_UC,404,-3400,0,0.000000,0.003906,-0.003906,0.000000,0.003906,-0.003906
4265051,BNO_GYRO_UC,405,-3400,0,0.000000,-0.001953,-0.003906,0.000000,-0.001953,-0.003906
4274454,BNO_GYRO_UC,406,-3100,0,0.001953,-0.001953,-0.003906,0.001953,-0.001953,-0.003906
4284896,BNO_GYRO_UC,407,-3200,0,0.003906,-0.001953,-0.003906,0.003906,-0.001953,-0.003906
4295288,BNO_GYRO_UC,408,-3100,0,0.001953,-0.001953,-0.001953,0.001953,-0.001953,-0.001953
4305492,BNO_GYRO_UC,409,-3200,0,0.000000,0.001953,-0.003906,0.000000,0.001953,-0.003906
4314500,BNO_GYRO_UC,410,-3100,0,0.001953,0.001953,-0.007812,0.001953,0.001953,-0.007812
4325162,BNO_GYRO_UC,411,-3100,0,0.005859,-0.001953,-0.003906,0.005859,-0.001953,-0.003906
4335601,BNO_GYRO_UC,412,-3100,0,0.003906,-0.001953,-0.001953,0.003906,-0.001953,-0.001953
4345160,BNO_GYRO_UC,413,-3200,0,0.003906,-0.001953,-0.003906,0.003906,-0.001953,-0.003906
4354710,BNO_GYRO_UC,414,-3100,0,0.003906,0.001953,-0.003906,0.003906,0.001953,-0.003906
4367133,BNO_GYRO_UC,415,-4900,0,-0.003906,0.000000,-0.003906,-0.003906,0.000000,-0.003906
4375570,BNO_GYRO_UC,416,-2900,0,-0.001953,0.000000,-0.003906,-0.001953,0.000000,-0.003906
4385736,BNO_GYRO_UC,417,-3200,0,0.001953,0.001953,-0.001953,0.001953,0.001953,-0.001953
4394880,BNO_GYRO_UC,418,-3200,0,0.003906,-0.001953,-0.001953,0.003906,-0.001953,-0.001953
4405486,BNO_GYRO_UC,419,-3100,0,0.007812,0.000000,-0.003906,0.007812,0.000000,-0.003906
4415463,BNO_GYRO_UC,420,-2700,0,0.001953,-0.003906,-0.001953,0.001953,-0.003906,-0.001953
4425684,BNO_GYRO_UC,421,-3200,0,0.001953,0.000000,-0.003906,0.001953,0.000000,-0.003906
4434932,BNO_GYRO_UC,422,-3100,0,0.003906,-0.001953,-0.001953,0.003906,-0.001953,-0.001953
4445405,BNO_GYRO_UC,423,-3200,0,0.005859,-0.001953,-0.003906,0.005859,-0.001953,-0.003906
4455827,BNO_GYRO_UC,424,-3100,0,0.001953,-0.001953,-0.003906,0.001953,-0.001953,-0.003906
4465260,BNO_GYRO_UC,425,-3100,0,0.007812,-0.003906,-0.001953,0.007812,-0.003906,-0.001953
4474882,BNO_GYRO_UC,426,-3100,0,0.003906,0.000000,-0.003906,0.003906,0.000000,-0.003906
4485491,BNO_GYRO_UC,427,-3200,0,0.003906,0.001953,-0.005859,0.003906,0.001953,-0.005859
4496068,BNO_GYRO_UC,428,-3200,0,0.003906,0.001953,-0.003906,0.003906,0.001953,-0.003906
4505481,BNO_GYRO_UC,429,-3100,0,0.001953,0.003906,-0.003906,0.001953,0.003906,-0.003906
4515566,BNO_GYRO_UC,430,-2900,0,0.005859,0.001953,-0.005859,0.005859,0.001953,-0.005859
4525005,BNO_GYRO_UC,431,-3100,0,0.001953,0.000000,-0.003906,0.001953,0.000000,-0.003906
4536097,BNO_GYRO_UC,432,-3600,0,0.001953,0.000000,-0.005859,0.001953,0.000000,-0.005859
4545653,BNO_GYRO_UC,433,-3100,0,0.003906,0.000000,-0.003906,0.003906,0.000000,-0.003906
4555232,BNO_GYRO_UC,434,-3100,0,0.001953,0.000000,-0.005859,0.001953,0.000000,-0.005859
4565167,BNO_GYRO_UC,435,-3100,0,0.001953,-0.001953,-0.001953,0.001953,-0.001953,-0.001953
4576061,BNO_GYRO_UC,436,-3400,0,0.003906,0.001953,-0.005859,0.003906,0.001953,-0.005859
4585731,BNO_GYRO_UC,437,-3100,0,0.003906,0.000000,-0.003906,0.003906,0.000000,-0.003906
4595264,BNO_GYRO_UC,438,-3100,0,0.001953,0.001953,-0.001953,0.001953,0.001953,-0.001953
4606083,BNO_GYRO_UC,439,-3200,0,0.003906,0.000000,-0.003906,0.003906,0.000000,-0.003906
4615966,BNO_GYRO_UC,440,-2700,0,0.003906,-0.001953,-0.003906,0.003906,-0.001953,-0.003906
4628315,BNO_GYRO_UC,441,-5400,0,0.001953,0.000000,-0.003906,0.001953,0.000000,-0.003906
4635108,BNO_GYRO_UC,442,-2900,0,0.005859,-0.003906,-0.001953,0.005859,-0.003906,-0.001953
4645838,BNO_GYRO_UC,443,-3100,0,0.001953,-0.001953,-0.003906,0.001953,-0.001953,-0.003906
4656451,BNO_GYRO_UC,444,-3400,0,0.003906,-0.001953,-0.001953,0.003906,-0.001953,-0.001953
4665990,BNO_GYRO_UC,445,-3100,0,0.005859,-0.003906,-0.003906,0.005859,-0.003906,-0.003906
4675637,BNO_GYRO_UC,446,-3200,0,0.001953,-0.001953,-0.001953,0.001953,-0.001953,-0.001953
4685488,BNO_GYRO_UC,447,-3100,0,0.005859,0.001953,-0.003906,0.005859,0.001953,-0.003906
4695661,BNO_GYRO_UC,448,-3400,0,0.001953,0.000000,-0.001953,0.001953,0.000000,-0.001953
4705891,BNO_GYRO_UC,449,-3100,0,0.007812,0.000000,-0.003906,0.007812,0.000000,-0.003906
4715349,BNO_GYRO_UC,450,-3100,0,0.005859,-0.001953,-0.003906,0.005859,-0.001953,-0.003906
4726180,BNO_GYRO_UC,451,-3200,0,0.003906,-0.003906,-0.003906,0.003906,0.000000,-0.003906
4736754,BNO_GYRO_UC,452,-3400,0,0.003906,0.000000,-0.003906,0.003906,0.000000,-0.003906
4746128,BNO_GYRO_UC,453,-2900,0,0.005859,-0.003906,-0.003906,0.003906,0.000000,-0.003906
4755848,BNO_GYRO_UC,454,-3100,0,-0.001953,-0.001953,-0.003906,0.003906,0.000000,-0.003906
4765560,BNO_GYRO_UC,455,-3100,0,0.003906,-0.001953,-0.003906,0.003906,0.000000,-0.003906
4775843,BNO_GYRO_UC,456,-3400,0,0.005859,-0.003906,-0.003906,0.003906,0.000000,-0.003906
4785966,BNO_GYRO_UC,457,-3100,0,0.003906,-0.001953,-0.005859,0.003906,0.000000,-0.003906
4795009,BNO_GYRO_UC,458,-2700,0,0.001953,-0.001953,-0.003906,0.003906,0.000000,-0.003906
4805696,BNO_GYRO_UC,459,-3200,0,0.001953,0.000000,-0.003906,0.003906,0.000000,-0.003906
4816214,BNO_GYRO_UC,460,-3600,0,0.005859,0.003906,-0.005859,0.003906,0.000000,-0.003906
4826088,BNO_GYRO_UC,461,-2700,0,0.003906,0.000000,-0.005859,0.003906,0.000000,-0.003906
4835169,BNO_GYRO_UC,462,-2500,0,0.001953,-0.001953,-0.003906,0.003906,0.000000,-0.003906
4845759,BNO_GYRO_UC,463,-3200,0,0.003906,-0.003906,-0.003906,0.003906,0.000000,-0.003906
4856760,BNO_GYRO_UC,464,-3600,0,0.001953,0.005859,-0.003906,0.003906,0.000000,-0.003906
4866314,BNO_GYRO_UC,465,-2900,0,0.001953,0.001953,-0.003906,0.003906,0.000000,-0.003906
4875995,BNO_GYRO_UC,466,-3100,0,0.003906,0.001953,-0.001953,0.003906,0.000000,-0.003906
4886246,BNO_GYRO_UC,467,-3600,0,0.001953,-0.001953,-0.003906,0.003906,0.000000,-0.003906
4895889,BNO_GYRO_UC,468,-3200,0,0.001953,0.001953,-0.003906,0.003906,0.000000,-0.003906
4906253,BNO_GYRO_UC,469,-3200,0,-0.001953,-0.001953,-0.003906,0.003906,0.000000,-0.003906
4915315,BNO_GYRO_UC,470,-2500,0,0.003906,-0.001953,-0.001953,0.003906,0.000000,-0.003906
4926148,BNO_GYRO_UC,471,-3200,0,0.005859,0.001953,-0.003906,0.003906,0.000000,-0.003906
4936008,BNO_GYRO_UC,472,-3200,0,0.003906,0.000000,-0.001953,0.003906,0.000000,-0.003906
4946399,BNO_GYRO_UC,473,-3200,0,-0.003906,-0.003906,-0.003906,0.003906,0.000000,-0.003906
4955358,BNO_GYRO_UC,474,-2500,0,0.003906,0.000000,-0.001953,0.003906,0.000000,-0.003906
4966268,BNO_GYRO_UC,475,-3200,0,0.005859,0.000000,-0.001953,0.003906,0.000000,-0.003906
4977231,BNO_GYRO_UC,476,-3600,0,0.001953,0.001953,-0.003906,0.003906,0.000000,-0.003906
4986765,BNO_GYRO_UC,477,-2900,0,0.001953,0.000000,-0.001953,0.003906,0.000000,-0.003906
4996119,BNO_GYRO_UC,478,-3200,0,0.005859,0.001953,-0.003906,0.003906,0.000000,-0.003906
5006724,BNO_GYRO_UC,479,-3200,0,-0.005859,0.003906,-0.003906,0.003906,0.000000,-0.003906
5017290,BNO_GYRO_UC,480,-3200,0,0.003906,-0.003906,-0.003906,0.003906,0.000000,-0.003906
5027357,BNO_GYRO_UC,481,-3200,0,0.005859,-0.001953,-0.001953,0.003906,0.000000,-0.003906
5036027,BNO_GYRO_UC,482,-3100,0,0.005859,-0.001953,-0.003906,0.003906,0.000000,-0.003906
5047047,BNO_GYRO_UC,483,-3400,0,0.007812,0.003906,-0.001953,0.003906,0.000000,-0.003906
5056798,BNO_GYRO_UC,484,-3800,0,0.001953,-0.005859,-0.005859,0.003906,0.000000,-0.003906
5066743,BNO_GYRO_UC,485,-3100,0,0.005859,-0.005859,-0.003906,0.003906,0.000000,-0.003906
5076275,BNO_GYRO_UC,486,-3200,0,0.000000,0.003906,-0.005859,0.003906,0.000000,-0.003906
5086491,BNO_GYRO_UC,487,-3400,0,0.005859,0.000000,-0.003906,0.003906,0.000000,-0.003906
5096410,BNO_GYRO_UC,488,-3400,0,0.003906,-0.001953,-0.003906,0.003906,0.000000,-0.003906
5107273,BNO_GYRO_UC,489,-3800,0,0.003906,-0.001953,-0.003906,0.003906,0.000000,-0.003906
5116404,BNO_GYRO_UC,490,-3200,0,0.003906,0.000000,-0.005859,0.003906,0.000000,-0.003906
5126409,BNO_GYRO_UC,491,-3200,0,0.005859,-0.003906,-0.003906,0.003906,0.000000,-0.003906
5137596,BNO_GYRO_UC,492,-4000,0,0.001953,-0.001953,-0.003906,0.003906,0.000000,-0.003906
5147185,BNO_GYRO_UC,493,-3400,0,0.001953,-0.001953,-0.005859,0.003906,0.000000,-0.003906
5156720,BNO_GYRO_UC,494,-3600,0,0.003906,0.001953,-0.001953,0.003906,0.000000,-0.003906
5166207,BNO_GYRO_UC,495,-2900,0,0.003906,0.001953,-0.003906,0.003906,0.000000,-0.003906
5176626,BNO_GYRO_UC,496,-3200,0,0.007812,-0.001953,-0.005859,0.003906,0.000000,-0.003906
5187044,BNO_GYRO_UC,497,-3200,0,0.001953,-0.001953,-0.003906,0.003906,0.000000,-0.003906
5196568,BNO_GYRO_UC,498,-3200,0,0.001953,-0.001953,-0.005859,0.003906,0.000000,-0.003906
