t_us,tag,seq,bno_delay_us,status,mx,my,mz,mbias_x,mbias_y,mbias_z
230974,BNO_MAG_UC,0,-6000,0,-20.812,5.312,-74.875,6.250,-7.750,-28.938
240299,BNO_MAG_UC,1,-4900,0,-20.812,5.000,-74.938,6.250,-7.750,-28.938
249789,BNO_MAG_UC,2,-5400,0,-20.188,5.000,-73.750,6.250,-7.750,-28.938
272266,BNO_MAG_UC,3,-7500,0,-20.562,4.000,-74.938,6.250,-7.750,-28.938
280695,BNO_MAG_UC,4,-5800,0,-20.875,5.938,-73.688,6.250,-7.750,-28.938
290305,BNO_MAG_UC,5,-4700,0,-20.875,5.938,-73.688,6.250,-7.750,-28.938
311626,BNO_MAG_UC,6,-5700,0,-21.312,4.625,-73.688,6.250,-7.750,-28.938
320573,BNO_MAG_UC,7,-5100,0,-19.312,5.062,-74.625,6.250,-7.750,-28.938
329874,BNO_MAG_UC,8,-5300,0,-20.562,3.688,-75.375,6.250,-7.750,-28.938
350849,BNO_MAG_UC,9,-5400,0,-19.312,5.750,-74.250,6.250,-7.750,-28.938
360179,BNO_MAG_UC,10,-5300,0,-20.562,4.688,-73.812,6.250,-7.750,-28.938
391752,BNO_MAG_UC,11,-5700,0,-20.938,5.000,-73.750,6.250,-7.750,-28.938
400843,BNO_MAG_UC,12,-5300,0,-21.250,5.688,-73.375,6.250,-7.750,-28.938
410069,BNO_MAG_UC,13,-4900,0,-20.562,4.312,-74.188,6.250,-7.750,-28.938
440696,BNO_MAG_UC,14,-5300,0,-18.938,5.062,-74.312,6.250,-7.750,-28.938
450057,BNO_MAG_UC,15,-5400,0,-20.062,6.312,-74.625,6.250,-7.750,-28.938
461236,BNO_MAG_UC,16,-6000,0,-21.250,5.000,-74.188,6.250,-7.750,-28.938
480635,BNO_MAG_UC,17,-5400,0,-21.188,6.938,-74.188,6.250,-7.750,-28.938
501303,BNO_MAG_UC,18,-5100,0,-20.125,5.688,-74.250,6.250,-7.750,-28.938
520196,BNO_MAG_UC,19,-4900,0,-21.688,4.312,-73.812,6.250,-7.750,-28.938
530577,BNO_MAG_UC,20,-5800,0,-21.688,5.000,-73.812,6.250,-7.750,-28.938
553079,BNO_MAG_UC,21,-7300,0,-20.562,4.688,-73.438,6.250,-7.750,-28.938
560483,BNO_MAG_UC,22,-4700,0,-19.312,6.000,-73.875,6.250,-7.750,-28.938
570799,BNO_MAG_UC,23,-6000,0,-20.875,5.688,-74.688,6.250,-7.750,-28.938
593565,BNO_MAG_UC,24,-7000,0,-19.750,5.062,-73.500,6.250,-7.750,-28.938
600569,BNO_MAG_UC,25,-4500,0,-20.125,4.688,-74.688,6.250,-7.750,-28.938
621823,BNO_MAG_UC,26,-5800,0,-20.562,4.688,-74.250,6.250,-7.750,-28.938
640555,BNO_MAG_UC,27,-4900,0,-20.188,5.000,-73.500,6.250,-7.750,-28.938
650884,BNO_MAG_UC,28,-5800,0,-21.375,4.625,-74.250,6.250,-7.750,-28.938
680999,BNO_MAG_UC,29,-5100,0,-20.500,5.688,-74.312,6.250,-7.750,-28.938
712284,BNO_MAG_UC,30,-5500,0,-20.562,5.938,-73.062,6.250,-7.750,-28.938
721614,BNO_MAG_UC,31,-4900,0,-20.500,5.312,-74.688,6.250,-7.750,-28.938
731412,BNO_MAG_UC,32,-5300,0,-20.125,6.000,-74.312,6.250,-7.750,-28.938
740715,BNO_MAG_UC,33,-5300,0,-20.500,5.312,-74.750,6.250,-7.750,-28.938
751798,BNO_MAG_UC,34,-6000,0,-20.500,5.000,-74.750,6.250,-7.750,-28.938
760793,BNO_MAG_UC,35,-4700,0,-20.562,4.312,-73.938,6.250,-7.750,-28.938
771188,BNO_MAG_UC,36,-5800,0,-20.625,4.000,-73.938,6.250,-7.750,-28.938
791911,BNO_MAG_UC,37,-5400,0,-20.625,5.000,-72.250,6.250,-7.750,-28.938
801217,BNO_MAG_UC,38,-5100,0,-20.188,5.375,-73.562,6.250,-7.750,-28.938
811919,BNO_MAG_UC,39,-6000,0,-19.750,4.688,-74.812,6.250,-7.750,-28.938
821647,BNO_MAG_UC,40,-4900,0,-21.375,4.000,-74.250,6.250,-7.750,-28.938
840889,BNO_MAG_UC,41,-4900,0,-20.125,4.688,-74.375,6.250,-7.750,-28.938
853445,BNO_MAG_UC,42,-7100,0,-20.125,4.000,-74.812,6.250,-7.750,-28.938
861939,BNO_MAG_UC,43,-6000,0,-19.312,4.688,-74.812,6.250,-7.750,-28.938
880883,BNO_MAG_UC,44,-4900,0,-20.500,4.312,-75.125,6.250,-7.750,-28.938
891485,BNO_MAG_UC,45,-5800,0,-21.312,5.312,-73.875,6.250,-7.750,-28.938
902671,BNO_MAG_UC,46,-6200,0,-21.312,6.250,-73.938,6.250,-7.750,-28.938
922678,BNO_MAG_UC,47,-7100,0,-20.875,4.625,-75.188,6.250,-7.750,-28.938
931617,BNO_MAG_UC,48,-5600,0,-19.750,5.062,-74.438,6.250,-7.750,-28.938
941829,BNO_MAG_UC,49,-5600,0,-19.375,4.375,-73.562,6.250,-7.750,-28.938
961554,BNO_MAG_UC,50,-5400,0,-20.125,4.000,-75.250,6.250,-7.750,-28.938
971875,BNO_MAG_UC,51,-6000,0,-19.750,5.375,-73.188,6.250,-7.750,-28.938
982081,BNO_MAG_UC,52,-4900,0,-21.312,5.312,-74.312,6.250,-7.750,-28.938
1001126,BNO_MAG_UC,53,-4700,0,-21.312,6.000,-74.312,6.250,-7.750,-28.938
1011976,BNO_MAG_UC,54,-6000,0,-20.188,4.000,-74.375,6.250,-7.750,-28.938
1021406,BNO_MAG_UC,55,-4900,0,-19.812,4.062,-74.000,6.250,-7.750,-28.938
1032509,BNO_MAG_UC,56,-6000,0,-20.188,4.375,-74.000,6.250,-7.750,-28.938
1042250,BNO_MAG_UC,57,-4900,0,-21.000,4.688,-73.125,6.250,-7.750,-28.938
1052064,BNO_MAG_UC,58,-5600,0,-20.125,6.312,-74.000,6.250,-7.750,-28.938
1062131,BNO_MAG_UC,59,-5600,0,-20.875,5.312,-74.812,6.250,-7.750,-28.938
1081304,BNO_MAG_UC,60,-4700,0,-22.125,4.938,-73.875,6.250,-7.750,-28.938
1092820,BNO_MAG_UC,61,-5800,0,-19.688,6.062,-74.000,6.250,-7.750,-28.938
1124343,BNO_MAG_UC,62,-8000,0,-20.938,4.688,-74.438,6.250,-7.750,-28.938
1131326,BNO_MAG_UC,63,-5100,0,-20.500,5.312,-74.438,6.250,-7.750,-28.938
1141570,BNO_MAG_UC,64,-5800,0,-21.000,4.000,-73.938,6.250,-7.750,-28.938
1162213,BNO_MAG_UC,65,-5100,0,-19.312,5.375,-74.500,6.250,-7.750,-28.938
1172372,BNO_MAG_UC,66,-5400,0,-21.000,4.000,-74.000,6.250,-7.750,-28.938
1181617,BNO_MAG_UC,67,-5400,0,-20.938,4.312,-75.188,6.250,-7.750,-28.938
1202049,BNO_MAG_UC,68,-4900,0,-20.938,5.312,-74.000,6.250,-7.750,-28.938
1211560,BNO_MAG_UC,69,-5300,0,-20.188,4.688,-73.188,6.250,-7.750,-28.938
1222661,BNO_MAG_UC,70,-5800,0,-20.875,5.688,-74.812,6.250,-7.750,-28.938
1231980,BNO_MAG_UC,71,-5400,0,-19.750,4.688,-74.500,6.250,-7.750,-28.938
1242197,BNO_MAG_UC,72,-5600,0,-20.500,5.000,-74.438,6.250,-7.750,-28.938
1251766,BNO_MAG_UC,73,-5400,0,-20.625,3.000,-74.062,6.250,-7.750,-28.938
1262817,BNO_MAG_UC,74,-5600,0,-20.188,4.000,-74.438,6.250,-7.750,-28.938
1282795,BNO_MAG_UC,75,-6200,0,-20.500,5.000,-74.875,6.250,-7.750,-28.938
1291892,BNO_MAG_UC,76,-4900,0,-21.000,4.312,-73.625,6.250,-7.750,-28.938
1302907,BNO_MAG_UC,77,-5800,0,-20.938,5.312,-74.000,6.250,-7.750,-28.938
1322900,BNO_MAG_UC,78,-5500,0,-20.625,4.375,-73.188,6.250,-7.750,-28.938
1331994,BNO_MAG_UC,79,-5300,0,-20.125,4.688,-75.312,6.250,-7.750,-28.938
1343077,BNO_MAG_UC,80,-6000,0,-21.312,5.312,-74.000,6.250,-7.750,-28.938
1364103,BNO_MAG_UC,81,-7500,0,-19.375,4.688,-74.125,6.250,-7.750,-28.938
1372383,BNO_MAG_UC,82,-5600,0,-22.125,4.938,-74.438,6.250,-7.750,-28.938
1383421,BNO_MAG_UC,83,-5800,0,-20.562,4.000,-74.875,6.250,-7.750,-28.938
1403083,BNO_MAG_UC,84,-6000,0,-20.562,4.312,-74.062,6.250,-7.750,-28.938
1412316,BNO_MAG_UC,85,-4900,0,-20.188,5.062,-72.812,6.250,-7.750,-28.938
1423327,BNO_MAG_UC,86,-6200,0,-20.188,4.375,-74.062,6.250,-7.750,-28.938
1432991,BNO_MAG_UC,87,-5300,0,-20.188,4.688,-74.062,6.250,-7.750,-28.938
1444302,BNO_MAG_UC,88,-7300,0,-20.938,4.312,-75.250,6.250,-7.750,-28.938
1452501,BNO_MAG_UC,89,-5800,0,-21.000,4.000,-73.625,6.250,-7.750,-28.938
1463469,BNO_MAG_UC,90,-5800,0,-20.500,4.688,-75.312,6.250,-7.750,-28.938
1473056,BNO_MAG_UC,91,-5400,0,-20.188,4.000,-73.688,6.250,-7.750,-28.938
1483420,BNO_MAG_UC,92,-5700,0,-20.188,5.375,-73.250,6.250,-7.750,-28.938
1492425,BNO_MAG_UC,93,-5300,0,-21.688,4.938,-74.438,6.250,-7.750,-28.938
1503441,BNO_MAG_UC,94,-5800,0,-20.125,5.375,-74.500,6.250,-7.750,-28.938
1523443,BNO_MAG_UC,95,-6000,0,-19.750,5.688,-74.062,6.250,-7.750,-28.938
1532591,BNO_MAG_UC,96,-4700,0,-21.375,2.938,-75.688,6.250,-7.750,-28.938
1542778,BNO_MAG_UC,97,-5800,0,-20.125,4.375,-75.000,6.250,-7.750,-28.938
1564424,BNO_MAG_UC,98,-6900,0,-19.688,5.688,-74.125,6.250,-7.750,-28.938
1572727,BNO_MAG_UC,99,-5300,0,-19.750,5.375,-73.312,6.250,-7.750,-28.938
1583031,BNO_MAG_UC,100,-5600,0,-20.938,5.312,-74.062,6.250,-7.750,-28.938
1605005,BNO_MAG_UC,101,-7300,0,-20.500,4.688,-74.938,6.250,-7.750,-28.938
1612456,BNO_MAG_UC,102,-4200,0,-19.688,5.062,-75.000,6.250,-7.750,-28.938
1623302,BNO_MAG_UC,103,-6000,0,-19.688,5.062,-75.000,6.250,-7.750,-28.938
1633451,BNO_MAG_UC,104,-5600,0,-20.938,5.312,-74.062,6.250,-7.750,-28.938
1644873,BNO_MAG_UC,105,-7600,0,-19.812,4.062,-74.125,6.250,-7.750,-28.938
1653084,BNO_MAG_UC,106,-5800,0,-20.938,4.000,-74.938,6.250,-7.750,-28.938
1683800,BNO_MAG_UC,107,-6000,0,-20.500,5.688,-74.562,6.250,-7.750,-28.938
1692957,BNO_MAG_UC,108,-4700,0,-20.500,6.000,-73.688,6.250,-7.750,-28.938
1714148,BNO_MAG_UC,109,-5800,0,-20.062,5.688,-75.000,6.250,-7.750,-28.938
1725230,BNO_MAG_UC,110,-6700,0,-20.875,5.688,-74.938,6.250,-7.750,-28.938
1732638,BNO_MAG_UC,111,-4700,0,-20.938,5.000,-74.062,6.250,-7.750,-28.938
1765193,BNO_MAG_UC,112,-7300,0,-20.562,5.000,-74.125,6.250,-7.750,-28.938
1773369,BNO_MAG_UC,113,-5800,0,-20.250,4.688,-72.875,6.250,-7.750,-28.938
1793817,BNO_MAG_UC,114,-5800,0,-21.312,6.000,-74.125,6.250,-7.750,-28.938
1804099,BNO_MAG_UC,115,-5600,0,-20.875,6.000,-74.125,6.250,-7.750,-28.938
1813270,BNO_MAG_UC,116,-5300,0,-20.500,6.375,-73.312,6.250,-7.750,-28.938
1834420,BNO_MAG_UC,117,-5800,0,-20.188,5.000,-73.750,6.250,-7.750,-28.938
1845464,BNO_MAG_UC,118,-6900,0,-21.312,4.625,-74.938,6.250,-7.750,-28.938
1852810,BNO_MAG_UC,119,-4500,0,-20.500,5.000,-74.562,6.250,-7.750,-28.938
1874551,BNO_MAG_UC,120,-6500,0,-20.875,5.688,-74.938,6.250,-7.750,-28.938
1885645,BNO_MAG_UC,121,-7300,0,-20.562,4.000,-74.188,6.250,-7.750,-28.938
1893057,BNO_MAG_UC,122,-4700,0,-19.750,5.062,-74.625,6.250,-7.750,-28.938
1924457,BNO_MAG_UC,123,-5600,0,-20.125,4.688,-74.188,6.250,-7.750,-28.938
1933686,BNO_MAG_UC,124,-5400,0,-20.188,4.000,-73.750,6.250,-7.750,-28.938
1942977,BNO_MAG_UC,125,-5300,0,-20.125,5.688,-73.750,6.250,-7.750,-28.938
1973856,BNO_MAG_UC,126,-5400,0,-20.188,5.688,-72.938,6.250,-7.750,-28.938
2013820,BNO_MAG_UC,127,-5400,0,-20.875,5.688,-74.625,6.250,-7.750,-28.938
2023489,BNO_MAG_UC,128,-5600,0,-19.750,5.062,-74.688,6.250,-7.750,-28.938
2045133,BNO_MAG_UC,129,-5800,0,-20.875,5.312,-74.625,6.250,-7.750,-28.938
2054168,BNO_MAG_UC,130,-5400,0,-21.688,6.312,-73.312,6.250,-7.750,-28.938
2064245,BNO_MAG_UC,131,-5300,0,-20.500,5.000,-75.000,6.250,-7.750,-28.938
2074315,BNO_MAG_UC,132,-6000,0,-20.125,5.375,-74.625,6.250,-7.750,-28.938
2084313,BNO_MAG_UC,133,-6000,0,-20.562,4.688,-74.188,6.250,-7.750,-28.938
2093725,BNO_MAG_UC,134,-5300,0,-20.188,4.375,-74.188,6.250,-7.750,-28.938
2134003,BNO_MAG_UC,135,-5100,0,-21.688,4.312,-75.375,6.250,-7.750,-28.938
2143764,BNO_MAG_UC,136,-5600,0,-20.062,5.688,-74.625,6.250,-7.750,-28.938
2155159,BNO_MAG_UC,137,-6500,0,-20.125,5.000,-74.188,6.250,-7.750,-28.938
2174224,BNO_MAG_UC,138,-5600,0,-19.750,5.062,-74.250,6.250,-7.750,-28.938
2184535,BNO_MAG_UC,139,-5600,0,-20.875,4.312,-75.438,6.250,-7.750,-28.938
2194590,BNO_MAG_UC,140,-5800,0,-20.938,5.312,-73.750,6.250,-7.750,-28.938
2214310,BNO_MAG_UC,141,-5600,0,-20.625,2.688,-74.250,6.250,-7.750,-28.938
2224647,BNO_MAG_UC,142,-5800,0,-19.750,5.375,-74.250,6.250,-7.750,-28.938
2234744,BNO_MAG_UC,143,-5800,0,-20.938,5.000,-74.188,6.250,-7.750,-28.938
2254289,BNO_MAG_UC,144,-5600,0,-21.312,4.625,-74.562,6.250,-7.750,-28.938
2263904,BNO_MAG_UC,145,-5600,0,-20.875,3.625,-76.312,6.250,-7.750,-28.938
2275498,BNO_MAG_UC,146,-6500,0,-21.062,3.000,-73.000,6.250,-7.750,-28.938
2294440,BNO_MAG_UC,147,-5300,0,-19.688,6.062,-74.250,6.250,-7.750,-28.938
2304726,BNO_MAG_UC,148,-5600,0,-20.062,5.375,-75.500,6.250,-7.750,-28.938
2314638,BNO_MAG_UC,149,-5600,0,-19.688,6.375,-73.875,6.250,-7.750,-28.938
2334509,BNO_MAG_UC,150,-5400,0,-19.250,6.062,-74.688,6.250,-7.750,-28.938
2344053,BNO_MAG_UC,151,-5600,0,-20.562,5.375,-73.875,6.250,-7.750,-28.938
2355361,BNO_MAG_UC,152,-6400,0,-19.750,5.688,-73.875,6.250,-7.750,-28.938
2374702,BNO_MAG_UC,153,-5800,0,-20.062,4.688,-75.875,6.250,-7.750,-28.938
2384086,BNO_MAG_UC,154,-5400,0,-20.875,6.312,-73.812,6.250,-7.750,-28.938
2395422,BNO_MAG_UC,155,-6400,0,-20.625,4.375,-72.625,6.250,-7.750,-28.938
2405078,BNO_MAG_UC,156,-5600,0,-20.125,4.688,-74.688,6.250,-7.750,-28.938
2414749,BNO_MAG_UC,157,-5300,0,-20.562,5.688,-72.625,6.250,-7.750,-28.938
2424998,BNO_MAG_UC,158,-5600,0,-19.312,5.062,-74.750,6.250,-7.750,-28.938
2434926,BNO_MAG_UC,159,-5600,0,-21.312,6.000,-73.375,6.250,-7.750,-28.938
2454966,BNO_MAG_UC,160,-5300,0,-21.000,4.312,-73.812,6.250,-7.750,-28.938
2465060,BNO_MAG_UC,161,-5600,0,-21.750,4.625,-74.625,6.250,-7.750,-28.938
2475014,BNO_MAG_UC,162,-5400,0,-20.938,4.312,-74.312,6.250,-7.750,-28.938
2494802,BNO_MAG_UC,163,-5600,0,-20.500,6.625,-73.438,6.250,-7.750,-28.938
2505168,BNO_MAG_UC,164,-5600,0,-20.562,4.000,-74.312,6.250,-7.750,-28.938
2514317,BNO_MAG_UC,165,-5400,0,-20.500,4.688,-75.062,6.250,-7.750,-28.938
2535335,BNO_MAG_UC,166,-5100,0,-20.125,5.375,-73.875,6.250,-7.750,-28.938
2544383,BNO_MAG_UC,167,-5300,0,-20.938,4.688,-74.312,6.250,-7.750,-28.938
2555798,BNO_MAG_UC,168,-6400,0,-20.938,4.688,-74.688,6.250,-7.750,-28.938
2576139,BNO_MAG_UC,169,-7300,0,-20.938,5.312,-73.438,6.250,-7.750,-28.938
2585705,BNO_MAG_UC,170,-5800,0,-20.500,5.688,-74.312,6.250,-7.750,-28.938
2594466,BNO_MAG_UC,171,-5100,0,-20.938,3.312,-75.062,6.250,-7.750,-28.938
2615681,BNO_MAG_UC,172,-5300,0,-19.688,5.375,-74.750,6.250,-7.750,-28.938
2625346,BNO_MAG_UC,173,-5400,0,-21.750,5.625,-73.875,6.250,-7.750,-28.938
2634921,BNO_MAG_UC,174,-6000,0,-20.938,4.312,-74.312,6.250,-7.750,-28.938
2655057,BNO_MAG_UC,175,-5400,0,-20.688,4.000,-72.250,6.250,-7.750,-28.938
2665483,BNO_MAG_UC,176,-5600,0,-21.750,4.938,-73.875,6.250,-7.750,-28.938
2695896,BNO_MAG_UC,177,-5700,0,-20.875,5.312,-75.125,6.250,-7.750,-28.938
2704689,BNO_MAG_UC,178,-4900,0,-20.562,4.688,-73.438,6.250,-7.750,-28.938
2715703,BNO_MAG_UC,179,-5800,0,-19.750,4.375,-75.188,6.250,-7.750,-28.938
2735610,BNO_MAG_UC,180,-6000,0,-20.562,5.000,-74.312,6.250,-7.750,-28.938
2744745,BNO_MAG_UC,181,-5100,0,-21.000,3.312,-74.688,6.250,-7.750,-28.938
2755809,BNO_MAG_UC,182,-6000,0,-21.312,5.000,-74.250,6.250,-7.750,-28.938
2775715,BNO_MAG_UC,183,-5800,0,-20.188,4.688,-73.938,6.250,-7.750,-28.938
2784892,BNO_MAG_UC,184,-4900,0,-22.188,4.625,-73.812,6.250,-7.750,-28.938
2795970,BNO_MAG_UC,185,-5800,0,-19.250,5.688,-75.188,6.250,-7.750,-28.938
2815917,BNO_MAG_UC,186,-6000,0,-20.062,6.375,-74.750,6.250,-7.750,-28.938
2824877,BNO_MAG_UC,187,-4900,0,-20.938,4.312,-74.375,6.250,-7.750,-28.938
2835985,BNO_MAG_UC,188,-5800,0,-20.625,4.688,-73.125,6.250,-7.750,-28.938
2856149,BNO_MAG_UC,189,-6000,0,-21.312,6.000,-73.500,6.250,-7.750,-28.938
2896271,BNO_MAG_UC,190,-5900,0,-21.438,3.312,-73.500,6.250,-7.750,-28.938
2905244,BNO_MAG_UC,191,-5300,0,-21.000,4.000,-74.375,6.250,-7.750,-28.938
2915525,BNO_MAG_UC,192,-6000,0,-20.875,5.312,-74.750,6.250,-7.750,-28.938
2935850,BNO_MAG_UC,193,-5100,0,-21.000,5.000,-73.500,6.250,-7.750,-28.938
2945293,BNO_MAG_UC,194,-5100,0,-19.750,4.375,-75.188,6.250,-7.750,-28.938
2976523,BNO_MAG_UC,195,-5300,0,-20.188,5.000,-73.562,6.250,-7.750,-28.938
2985420,BNO_MAG_UC,196,-5300,0,-20.562,4.312,-74.750,6.250,-7.750,-28.938
3016620,BNO_MAG_UC,197,-5300,0,-21.375,3.625,-74.750,6.250,-7.750,-28.938
3025522,BNO_MAG_UC,198,-5100,0,-19.688,5.375,-74.812,6.250,-7.750,-28.938
3036729,BNO_MAG_UC,199,-6000,0,-21.312,5.625,-74.312,6.250,-7.750,-28.938
3056665,BNO_MAG_UC,200,-6000,0,-20.875,5.688,-74.375,6.250,-7.750,-28.938
3065635,BNO_MAG_UC,201,-4500,0,-21.688,5.312,-74.312,6.250,-7.750,-28.938
3096434,BNO_MAG_UC,202,-5100,0,-21.375,3.625,-74.312,6.250,-7.750,-28.938
3105755,BNO_MAG_UC,203,-4900,0,-21.312,5.625,-74.312,6.250,-7.750,-28.938
3137867,BNO_MAG_UC,204,-7600,0,-20.125,5.000,-74.000,6.250,-7.750,-28.938
3146006,BNO_MAG_UC,205,-5800,0,-20.125,6.062,-73.562,6.250,-7.750,-28.938
3157034,BNO_MAG_UC,206,-5600,0,-21.375,4.000,-73.875,6.250,-7.750,-28.938
3178078,BNO_MAG_UC,207,-8000,0,-20.625,3.312,-74.000,6.250,-7.750,-28.938
3185663,BNO_MAG_UC,208,-4200,0,-20.562,4.688,-74.000,6.250,-7.750,-28.938
3206802,BNO_MAG_UC,209,-5800,0,-19.750,4.688,-74.000,6.250,-7.750,-28.938
3216647,BNO_MAG_UC,210,-5300,0,-20.125,5.000,-74.000,6.250,-7.750,-28.938
3225869,BNO_MAG_UC,211,-5300,0,-19.750,5.375,-74.375,6.250,-7.750,-28.938
3256988,BNO_MAG_UC,212,-5500,0,-20.562,5.375,-74.000,6.250,-7.750,-28.938
3266244,BNO_MAG_UC,213,-5300,0,-20.562,5.000,-73.125,6.250,-7.750,-28.938
3297148,BNO_MAG_UC,214,-6000,0,-19.688,5.688,-74.375,6.250,-7.750,-28.938
3306423,BNO_MAG_UC,215,-4900,0,-21.000,4.688,-73.500,6.250,-7.750,-28.938
3315818,BNO_MAG_UC,216,-5300,0,-21.312,5.000,-75.188,6.250,-7.750,-28.938
3337117,BNO_MAG_UC,217,-5500,0,-20.562,6.375,-73.125,6.250,-7.750,-28.938
3346447,BNO_MAG_UC,218,-5300,0,-20.188,4.688,-74.000,6.250,-7.750,-28.938
3355844,BNO_MAG_UC,219,-5300,0,-21.000,3.625,-74.375,6.250,-7.750,-28.938
3368273,BNO_MAG_UC,220,-7500,0,-20.125,4.375,-74.875,6.250,-7.750,-28.938
3386188,BNO_MAG_UC,221,-4900,0,-19.750,4.375,-74.000,6.250,-7.750,-28.938
3396748,BNO_MAG_UC,222,-5800,0,-19.750,4.375,-74.000,6.250,-7.750,-28.938
3406804,BNO_MAG_UC,223,-5300,0,-20.562,5.375,-73.125,6.250,-7.750,-28.938
3425807,BNO_MAG_UC,224,-4700,0,-19.688,4.688,-75.250,6.250,-7.750,-28.938
3436177,BNO_MAG_UC,225,-5600,0,-21.750,4.625,-74.312,6.250,-7.750,-28.938
3458579,BNO_MAG_UC,226,-7300,0,-20.562,4.688,-74.000,6.250,-7.750,-28.938
3467022,BNO_MAG_UC,227,-5800,0,-21.062,2.312,-74.000,6.250,-7.750,-28.938
3476152,BNO_MAG_UC,228,-4900,0,-20.625,4.688,-73.125,6.250,-7.750,-28.938
3487228,BNO_MAG_UC,229,-5800,0,-20.188,3.312,-75.250,6.250,-7.750,-28.938
3506176,BNO_MAG_UC,230,-4900,0,-20.938,5.000,-74.375,6.250,-7.750,-28.938
3516425,BNO_MAG_UC,231,-5800,0,-20.562,5.375,-74.000,6.250,-7.750,-28.938
3546704,BNO_MAG_UC,232,-5100,0,-20.625,4.000,-73.562,6.250,-7.750,-28.938
3577807,BNO_MAG_UC,233,-5300,0,-21.312,5.312,-73.938,6.250,-7.750,-28.938
3586347,BNO_MAG_UC,234,-4700,0,-19.750,5.062,-74.500,6.250,-7.750,-28.938
3596720,BNO_MAG_UC,235,-5800,0,-20.875,5.688,-74.438,6.250,-7.750,-28.938
3607894,BNO_MAG_UC,236,-6200,0,-20.938,5.000,-73.938,6.250,-7.750,-28.938
3626585,BNO_MAG_UC,237,-5100,0,-21.250,6.000,-75.250,6.250,-7.750,-28.938
3637133,BNO_MAG_UC,238,-5800,0,-20.562,5.375,-74.000,6.250,-7.750,-28.938
3647081,BNO_MAG_UC,239,-4900,0,-19.312,5.375,-74.500,6.250,-7.750,-28.938
3666901,BNO_MAG_UC,240,-5300,0,-21.750,4.312,-73.938,6.250,-7.750,-28.938
3688154,BNO_MAG_UC,241,-5600,0,-20.500,5.688,-74.000,6.250,-7.750,-28.938
3697480,BNO_MAG_UC,242,-5300,0,-21.312,4.312,-74.812,6.250,-7.750,-28.938
3706934,BNO_MAG_UC,243,-5100,0,-21.250,5.625,-74.812,6.250,-7.750,-28.938
3717097,BNO_MAG_UC,244,-5800,0,-20.562,4.688,-74.000,6.250,-7.750,-28.938
3747346,BNO_MAG_UC,245,-5300,0,-20.500,5.000,-74.438,6.250,-7.750,-28.938
3757467,BNO_MAG_UC,246,-5400,0,-21.000,4.312,-74.000,6.250,-7.750,-28.938
3767521,BNO_MAG_UC,247,-5400,0,-21.375,4.312,-74.000,6.250,-7.750,-28.938
3786733,BNO_MAG_UC,248,-4900,0,-20.500,4.688,-74.875,6.250,-7.750,-28.938
3797965,BNO_MAG_UC,249,-5800,0,-21.000,4.688,-72.812,6.250,-7.750,-28.938
3807373,BNO_MAG_UC,250,-4700,0,-20.438,5.312,-75.688,6.250,-7.750,-28.938
3826709,BNO_MAG_UC,251,-4700,0,-20.938,4.625,-74.875,6.250,-7.750,-28.938
3838064,BNO_MAG_UC,252,-6000,0,-20.250,4.000,-72.812,6.250,-7.750,-28.938
3846735,BNO_MAG_UC,253,-4900,0,-21.375,4.312,-74.000,6.250,-7.750,-28.938
3868533,BNO_MAG_UC,254,-6400,0,-20.625,5.000,-71.938,6.250,-7.750,-28.938
3877207,BNO_MAG_UC,255,-5600,0,-20.938,6.000,-73.625,6.250,-7.750,-28.938
3888270,BNO_MAG_UC,256,-6000,0,-20.188,5.000,-73.188,6.250,-7.750,-28.938
3906754,BNO_MAG_UC,257,-4700,0,-21.000,4.688,-73.188,6.250,-7.750,-28.938
3918301,BNO_MAG_UC,258,-6000,0,-20.562,4.312,-74.875,6.250,-7.750,-28.938
3926956,BNO_MAG_UC,259,-4900,0,-20.125,4.375,-75.312,6.250,-7.750,-28.938
3948130,BNO_MAG_UC,260,-5100,0,-20.562,5.000,-73.625,6.250,-7.750,-28.938
3957019,BNO_MAG_UC,261,-5400,0,-20.938,5.000,-74.000,6.250,-7.750,-28.938
3968035,BNO_MAG_UC,262,-5800,0,-19.750,4.688,-74.062,6.250,-7.750,-28.938
3987683,BNO_MAG_UC,263,-5600,0,-20.938,5.000,-74.000,6.250,-7.750,-28.938
3997126,BNO_MAG_UC,264,-5300,0,-20.562,4.000,-74.438,6.250,-7.750,-28.938
4007355,BNO_MAG_UC,265,-5400,0,-21.312,4.000,-74.875,6.250,-7.750,-28.938
4018759,BNO_MAG_UC,266,-6000,0,-21.375,4.312,-74.375,6.250,-7.750,-28.938
4028358,BNO_MAG_UC,267,-5100,0,-19.688,5.688,-74.562,6.250,-7.750,-28.938
4037309,BNO_MAG_UC,268,-5100,0,-20.875,5.312,-74.875,6.250,-7.750,-28.938
4048210,BNO_MAG_UC,269,-5800,0,-20.500,6.000,-73.625,6.250,-7.750,-28.938
4068122,BNO_MAG_UC,270,-5300,0,-20.125,5.688,-74.500,6.250,-7.750,-28.938
4077433,BNO_MAG_UC,271,-5300,0,-21.438,3.000,-73.250,6.250,-7.750,-28.938
4088455,BNO_MAG_UC,272,-6000,0,-20.562,5.000,-73.625,6.250,-7.750,-28.938
4108468,BNO_MAG_UC,273,-6000,0,-19.750,4.000,-74.500,6.250,-7.750,-28.938
4118600,BNO_MAG_UC,274,-6200,0,-19.312,4.688,-74.938,6.250,-7.750,-28.938
4127773,BNO_MAG_UC,275,-5300,0,-19.312,4.688,-74.938,6.250,-7.750,-28.938
4148499,BNO_MAG_UC,276,-5300,0,-21.000,4.688,-72.812,6.250,-7.750,-28.938
4157670,BNO_MAG_UC,277,-5100,0,-21.000,4.312,-74.000,6.250,-7.750,-28.938
4167848,BNO_MAG_UC,278,-5800,0,-20.938,5.688,-74.000,6.250,-7.750,-28.938
4188362,BNO_MAG_UC,279,-5100,0,-20.500,6.000,-73.625,6.250,-7.750,-28.938
4197825,BNO_MAG_UC,280,-5100,0,-20.562,4.688,-74.062,6.250,-7.750,-28.938
4208003,BNO_MAG_UC,281,-5600,0,-21.250,5.625,-74.875,6.250,-7.750,-28.938
4228505,BNO_MAG_UC,282,-5100,0,-21.000,4.688,-73.625,6.250,-7.750,-28.938
4237933,BNO_MAG_UC,283,-5100,0,-20.062,5.375,-76.125,6.250,-7.750,-28.938
4248095,BNO_MAG_UC,284,-5800,0,-20.562,5.000,-73.625,6.250,-7.750,-28.938
4268511,BNO_MAG_UC,285,-4900,0,-20.062,6.000,-74.438,6.250,-7.750,-28.938
4277814,BNO_MAG_UC,286,-4900,0,-19.375,5.062,-73.688,6.250,-7.750,-28.938
4308962,BNO_MAG_UC,287,-5800,0,-20.188,4.000,-74.500,6.250,-7.750,-28.938
4318029,BNO_MAG_UC,288,-4700,0,-19.688,4.688,-75.750,6.250,-7.750,-28.938
4349155,BNO_MAG_UC,289,-5300,0,-20.875,6.000,-74.062,6.250,-7.750,-28.938
4358089,BNO_MAG_UC,290,-5100,0,-19.750,5.375,-73.688,6.250,-7.750,-28.938
4389238,BNO_MAG_UC,291,-6200,0,-20.125,4.375,-74.500,6.250,-7.750,-28.938
4398331,BNO_MAG_UC,292,-4700,0,-19.750,5.688,-73.312,6.250,-7.750,-28.938
4409388,BNO_MAG_UC,293,-5800,0,-19.375,4.375,-74.188,6.250,-7.750,-28.938
4429193,BNO_MAG_UC,294,-6000,0,-21.750,5.000,-73.562,6.250,-7.750,-28.938
4438358,BNO_MAG_UC,295,-4900,0,-20.875,4.625,-75.312,6.250,-7.750,-28.938
4459491,BNO_MAG_UC,296,-5600,0,-21.438,5.000,-72.375,6.250,-7.750,-28.938
4469430,BNO_MAG_UC,297,-5100,0,-21.312,5.312,-74.438,6.250,-7.750,-28.938
4478384,BNO_MAG_UC,298,-5100,0,-19.750,5.062,-74.562,6.250,-7.750,-28.938
4510720,BNO_MAG_UC,299,-7100,0,-20.938,4.688,-74.062,6.250,-7.750,-28.938
4518726,BNO_MAG_UC,300,-5600,0,-21.250,6.312,-74.938,6.250,-7.750,-28.938
4528532,BNO_MAG_UC,301,-4900,0,-21.250,6.312,-74.938,6.250,-7.750,-28.938
4549674,BNO_MAG_UC,302,-5500,0,-22.250,2.938,-73.188,6.250,-7.750,-28.938
4558795,BNO_MAG_UC,303,-5300,0,-20.562,4.688,-73.688,6.250,-7.750,-28.938
4568303,BNO_MAG_UC,304,-5400,0,-20.938,5.688,-74.062,6.250,-7.750,-28.938
4589707,BNO_MAG_UC,305,-5700,0,-20.938,3.625,-75.312,6.250,-7.750,-28.938
4598835,BNO_MAG_UC,306,-5100,0,-20.562,5.000,-73.250,6.250,-7.750,-28.938
4631406,BNO_MAG_UC,307,-8600,0,-20.938,5.000,-74.500,6.250,-7.750,-28.938
4638655,BNO_MAG_UC,308,-4300,0,-20.250,4.375,-72.875,6.250,-7.750,-28.938
4670039,BNO_MAG_UC,309,-5500,0,-19.812,3.688,-73.688,6.250,-7.750,-28.938
4679191,BNO_MAG_UC,310,-5300,0,-20.562,5.688,-73.625,6.250,-7.750,-28.938
4689363,BNO_MAG_UC,311,-5400,0,-20.938,5.312,-73.688,6.250,-7.750,-28.938
4699381,BNO_MAG_UC,312,-5400,0,-20.188,4.375,-73.750,6.250,-7.750,-28.938
4718935,BNO_MAG_UC,313,-5300,0,-21.062,4.000,-72.875,6.250,-7.750,-28.938
4740257,BNO_MAG_UC,314,-6000,0,-20.125,5.375,-74.562,6.250,-7.750,-28.938
4750146,BNO_MAG_UC,315,-5300,0,-20.500,5.688,-74.500,6.250,-7.750,-28.938
4759338,BNO_MAG_UC,316,-5400,0,-20.125,5.000,-74.125,6.250,-7.750,-28.938
4769403,BNO_MAG_UC,317,-5300,0,-21.375,5.312,-73.312,6.250,-7.750,-28.938
4779553,BNO_MAG_UC,318,-5600,0,-21.000,4.312,-74.062,6.250,-7.750,-28.938
4798605,BNO_MAG_UC,319,-4700,0,-19.750,5.062,-73.750,6.250,-7.750,-28.938
4808784,BNO_MAG_UC,320,-5600,0,-21.375,4.312,-73.688,6.250,-7.750,-28.938
4819913,BNO_MAG_UC,321,-5800,0,-19.812,5.062,-73.312,6.250,-7.750,-28.938
4838669,BNO_MAG_UC,322,-4700,0,-19.750,5.062,-74.125,6.250,-7.750,-28.938
4848901,BNO_MAG_UC,323,-5600,0,-20.938,5.000,-74.062,6.250,-7.750,-28.938
4879520,BNO_MAG_UC,324,-5400,0,-20.938,4.688,-74.062,6.250,-7.750,-28.938
4890100,BNO_MAG_UC,325,-5600,0,-20.938,4.000,-74.500,6.250,-7.750,-28.938
4899626,BNO_MAG_UC,326,-5400,0,-19.375,4.062,-74.188,6.250,-7.750,-28.938
4918808,BNO_MAG_UC,327,-4700,0,-21.250,6.000,-74.500,6.250,-7.750,-28.938
4929993,BNO_MAG_UC,328,-6000,0,-20.625,3.688,-73.312,6.250,-7.750,-28.938
4939731,BNO_MAG_UC,329,-5300,0,-20.188,5.000,-73.250,6.250,-7.750,-28.938
4958936,BNO_MAG_UC,330,-4900,0,-21.000,3.312,-74.125,6.250,-7.750,-28.938
4969427,BNO_MAG_UC,331,-6000,0,-21.375,4.000,-74.062,6.250,-7.750,-28.938
4999615,BNO_MAG_UC,332,-5100,0,-20.562,5.688,-73.250,6.250,-7.750,-28.938
5039561,BNO_MAG_UC,333,-4900,0,-20.562,5.688,-73.688,6.250,-7.750,-28.938
5060537,BNO_MAG_UC,334,-5300,0,-20.188,3.312,-74.625,6.250,-7.750,-28.938
5079922,BNO_MAG_UC,335,-5600,0,-20.500,5.688,-74.125,6.250,-7.750,-28.938
5090290,BNO_MAG_UC,336,-5600,0,-20.500,5.688,-74.125,6.250,-7.750,-28.938
5099567,BNO_MAG_UC,337,-5600,0,-19.688,5.688,-75.000,6.250,-7.750,-28.938
5119943,BNO_MAG_UC,338,-4900,0,-20.562,4.312,-73.750,6.250,-7.750,-28.938
5129541,BNO_MAG_UC,339,-5800,0,-20.250,3.000,-74.125,6.250,-7.750,-28.938
5141169,BNO_MAG_UC,340,-6700,0,-20.125,5.688,-74.562,6.250,-7.750,-28.938
5162072,BNO_MAG_UC,341,-7300,0,-20.188,4.688,-73.750,6.250,-7.750,-28.938
5170061,BNO_MAG_UC,342,-5100,0,-20.188,5.000,-73.750,6.250,-7.750,-28.938
5180422,BNO_MAG_UC,343,-6000,0,-20.125,6.062,-73.312,6.250,-7.750,-28.938
5200214,BNO_MAG_UC,344,-5600,0,-20.562,5.375,-73.688,6.250,-7.750,-28.938
