t_us,tag,seq,bno_delay_us,status,qw,qx,qy,qz,heading_accuracy
208300,BNO_RV,0,-4300,1,0.843933,-0.016296,-0.010620,-0.536072,0.9058
218822,BNO_RV,1,-4500,1,0.843933,-0.016296,-0.010620,-0.536072,0.9058
228919,BNO_RV,2,-4500,1,0.843933,-0.016296,-0.010620,-0.536072,0.9058
238289,BNO_RV,3,-4300,1,0.843933,-0.016296,-0.010620,-0.536072,0.9058
248199,BNO_RV,4,-4300,1,0.843933,-0.016296,-0.010620,-0.536072,0.9058
259075,BNO_RV,5,-4700,1,0.843933,-0.016296,-0.010620,-0.536072,0.9058
268501,BNO_RV,6,-4000,1,0.843933,-0.016296,-0.010620,-0.536072,0.9060
278859,BNO_RV,7,-4300,1,0.843933,-0.016357,-0.010620,-0.536072,0.9060
288228,BNO_RV,8,-4200,1,0.843933,-0.016357,-0.010620,-0.536072,0.9060
299683,BNO_RV,9,-4900,1,0.843933,-0.016357,-0.010620,-0.536072,0.9060
309183,BNO_RV,10,-4500,1,0.843933,-0.016357,-0.010620,-0.536072,0.9060
318574,BNO_RV,11,-4200,1,0.843933,-0.016357,-0.010620,-0.536072,0.9060
328300,BNO_RV,12,-4200,1,0.843933,-0.016357,-0.010620,-0.536072,0.9060
341368,BNO_RV,13,-6900,1,0.843933,-0.016357,-0.010620,-0.536072,0.9060
348742,BNO_RV,14,-4000,1,0.843933,-0.016357,-0.010620,-0.536072,0.9060
358094,BNO_RV,15,-4000,1,0.843933,-0.016357,-0.010620,-0.536072,0.9062
368964,BNO_RV,16,-4300,1,0.843933,-0.016357,-0.010620,-0.536072,0.9062
379580,BNO_RV,17,-4500,1,0.843933,-0.016357,-0.010620,-0.536072,0.9062
389198,BNO_RV,18,-4300,1,0.843933,-0.016357,-0.010620,-0.536072,0.9062
398843,BNO_RV,19,-4300,1,0.843933,-0.016357,-0.010620,-0.536072,0.9062
408353,BNO_RV,20,-4200,1,0.843933,-0.016357,-0.010620,-0.536072,0.9062
419335,BNO_RV,21,-4700,1,0.843933,-0.016357,-0.010620,-0.536072,0.9062
428996,BNO_RV,22,-4000,1,0.843933,-0.016357,-0.010620,-0.536072,0.9062
438576,BNO_RV,23,-4300,1,0.843933,-0.016357,-0.010620,-0.536072,0.9062
448487,BNO_RV,24,-4200,1,0.843933,-0.016357,-0.010620,-0.536072,0.9065
459104,BNO_RV,25,-4900,1,0.843933,-0.016357,-0.010620,-0.536072,0.9065
469092,BNO_RV,26,-4200,1,0.843933,-0.016357,-0.010620,-0.536072,0.9065
478646,BNO_RV,27,-4200,1,0.843933,-0.016357,-0.010620,-0.536072,0.9065
489467,BNO_RV,28,-4300,1,0.843933,-0.016357,-0.010620,-0.536072,0.9065
499071,BNO_RV,29,-4700,1,0.843933,-0.016357,-0.010620,-0.536072,0.9065
509170,BNO_RV,30,-4200,1,0.843933,-0.016357,-0.010620,-0.536072,0.9065
518181,BNO_RV,31,-3800,1,0.843933,-0.016357,-0.010620,-0.536072,0.9065
528949,BNO_RV,32,-4300,1,0.843933,-0.016418,-0.010620,-0.536072,0.9067
539924,BNO_RV,33,-4900,1,0.843933,-0.016418,-0.010620,-0.536072,0.9067
549399,BNO_RV,34,-4200,1,0.843933,-0.016418,-0.010620,-0.536072,0.9067
558513,BNO_RV,35,-4000,1,0.843933,-0.016418,-0.010620,-0.536072,0.9067
569236,BNO_RV,36,-4500,1,0.843933,-0.016418,-0.010620,-0.536072,0.9067
580242,BNO_RV,37,-4900,1,0.843933,-0.016418,-0.010620,-0.536072,0.9067
591019,BNO_RV,38,-5600,1,0.843933,-0.016418,-0.010620,-0.536072,0.9067
598592,BNO_RV,39,-4000,1,0.843933,-0.016418,-0.010559,-0.536072,0.9067
609345,BNO_RV,40,-4300,1,0.843933,-0.016418,-0.010559,-0.536072,0.9067
619808,BNO_RV,41,-4300,1,0.843933,-0.016418,-0.010559,-0.536072,0.9070
629390,BNO_RV,42,-4000,1,0.843933,-0.016418,-0.010559,-0.536072,0.9070
638510,BNO_RV,43,-3800,1,0.843933,-0.016418,-0.010559,-0.536072,0.9070
649334,BNO_RV,44,-4300,1,0.843933,-0.016418,-0.010559,-0.536072,0.9070
660146,BNO_RV,45,-4700,1,0.843933,-0.016418,-0.010559,-0.536072,0.9070
669680,BNO_RV,46,-4000,1,0.843933,-0.016418,-0.010559,-0.536072,0.9070
678941,BNO_RV,47,-4200,1,0.843933,-0.016418,-0.010559,-0.536072,0.9070
689739,BNO_RV,48,-4500,1,0.843933,-0.016418,-0.010559,-0.536072,0.9070
700378,BNO_RV,49,-4700,1,0.843933,-0.016418,-0.010559,-0.536072,0.9070
709825,BNO_RV,50,-4000,1,0.843933,-0.016418,-0.010559,-0.536072,0.9072
719088,BNO_RV,51,-4300,1,0.843933,-0.016418,-0.010559,-0.536072,0.9072
729122,BNO_RV,52,-4200,1,0.843933,-0.016418,-0.010559,-0.536072,0.9072
739126,BNO_RV,53,-4200,1,0.843933,-0.016418,-0.010559,-0.536072,0.9072
749794,BNO_RV,54,-4500,1,0.843933,-0.016418,-0.010559,-0.536072,0.9072
758790,BNO_RV,55,-3800,1,0.843933,-0.016418,-0.010559,-0.536072,0.9072
769626,BNO_RV,56,-4300,1,0.843933,-0.016479,-0.010498,-0.536072,0.9072
780406,BNO_RV,57,-4700,1,0.843933,-0.016479,-0.010498,-0.536072,0.9072
789888,BNO_RV,58,-4000,1,0.843933,-0.016479,-0.010498,-0.536072,0.9075
799228,BNO_RV,59,-4300,1,0.843933,-0.016479,-0.010498,-0.536072,0.9075
809977,BNO_RV,60,-4300,1,0.843933,-0.016479,-0.010498,-0.536072,0.9075
819361,BNO_RV,61,-4300,1,0.843933,-0.016479,-0.010498,-0.536072,0.9075
829839,BNO_RV,62,-4300,1,0.843933,-0.016479,-0.010498,-0.536072,0.9075
838799,BNO_RV,63,-3800,1,0.843933,-0.016479,-0.010498,-0.536072,0.9075
851163,BNO_RV,64,-5600,1,0.843933,-0.016479,-0.010498,-0.536072,0.9075
860361,BNO_RV,65,-4700,1,0.843933,-0.016479,-0.010498,-0.536072,0.9075
869843,BNO_RV,66,-3800,1,0.843933,-0.016479,-0.010498,-0.536072,0.9075
878799,BNO_RV,67,-3800,1,0.843933,-0.016479,-0.010498,-0.536072,0.9077
889886,BNO_RV,68,-4300,1,0.843933,-0.016479,-0.010498,-0.536072,0.9077
900692,BNO_RV,69,-4700,1,0.843933,-0.016479,-0.010498,-0.536072,0.9077
910200,BNO_RV,70,-3800,1,0.843933,-0.016479,-0.010498,-0.536072,0.9077
919465,BNO_RV,71,-4300,1,0.843933,-0.016479,-0.010437,-0.536072,0.9077
929706,BNO_RV,72,-4200,1,0.843933,-0.016479,-0.010437,-0.536072,0.9077
939693,BNO_RV,73,-4300,1,0.843933,-0.016479,-0.010437,-0.536072,0.9077
950048,BNO_RV,74,-4300,1,0.843933,-0.016479,-0.010437,-0.536072,0.9077
959561,BNO_RV,75,-4300,1,0.843933,-0.016479,-0.010437,-0.536072,0.9077
970262,BNO_RV,76,-4300,1,0.843933,-0.016479,-0.010437,-0.536072,0.9080
979811,BNO_RV,77,-4500,1,0.843933,-0.016479,-0.010437,-0.536072,0.9080
990089,BNO_RV,78,-4300,1,0.843933,-0.016479,-0.010437,-0.536072,0.9080
999098,BNO_RV,79,-3800,1,0.843933,-0.016479,-0.010437,-0.536072,0.9080
1010404,BNO_RV,80,-4500,1,0.843933,-0.016479,-0.010437,-0.536072,0.9080
1019825,BNO_RV,81,-4500,1,0.843933,-0.016479,-0.010437,-0.536072,0.9080
1030497,BNO_RV,82,-4500,1,0.843933,-0.016479,-0.010437,-0.536072,0.9080
1039750,BNO_RV,83,-4300,1,0.843933,-0.016479,-0.010437,-0.536072,0.9080
1049749,BNO_RV,84,-4200,1,0.843933,-0.016479,-0.010437,-0.536072,0.9080
1059924,BNO_RV,85,-4300,1,0.843933,-0.016479,-0.010437,-0.536072,0.9082
1070232,BNO_RV,86,-4300,1,0.843933,-0.016479,-0.010437,-0.536072,0.9082
1079340,BNO_RV,87,-3800,1,0.843933,-0.016479,-0.010437,-0.536072,0.9082
1090500,BNO_RV,88,-4300,1,0.843933,-0.016479,-0.010437,-0.536072,0.9082
1102649,BNO_RV,89,-6200,1,0.843933,-0.016479,-0.010437,-0.536072,0.9082
1110094,BNO_RV,90,-4200,1,0.843933,-0.016479,-0.010437,-0.536072,0.9082
1120304,BNO_RV,91,-4500,1,0.843933,-0.016541,-0.010376,-0.536072,0.9082
1129707,BNO_RV,92,-4000,1,0.843933,-0.016541,-0.010376,-0.536072,0.9082
1139928,BNO_RV,93,-4300,1,0.843933,-0.016541,-0.010376,-0.536072,0.9084
1150769,BNO_RV,94,-4700,1,0.843933,-0.016541,-0.010376,-0.536072,0.9084
1160249,BNO_RV,95,-4500,1,0.843933,-0.016541,-0.010376,-0.536072,0.9084
1170062,BNO_RV,96,-4300,1,0.843933,-0.016541,-0.010376,-0.536072,0.9084
1180026,BNO_RV,97,-4200,1,0.843933,-0.016541,-0.010376,-0.536072,0.9084
1190738,BNO_RV,98,-4500,1,0.843933,-0.016541,-0.010376,-0.536072,0.9084
1200080,BNO_RV,99,-4300,1,0.843933,-0.016541,-0.010376,-0.536072,0.9084
1209932,BNO_RV,100,-4200,1,0.843933,-0.016541,-0.010376,-0.536072,0.9084
1220470,BNO_RV,101,-4500,1,0.843933,-0.016541,-0.010376,-0.536072,0.9084
1230442,BNO_RV,102,-4000,1,0.843933,-0.016541,-0.010376,-0.536072,0.9087
1240227,BNO_RV,103,-4300,1,0.843933,-0.016541,-0.010376,-0.536072,0.9087
1250188,BNO_RV,104,-4300,1,0.843933,-0.016541,-0.010376,-0.536072,0.9087
1260620,BNO_RV,105,-4500,1,0.843933,-0.016541,-0.010376,-0.536072,0.9087
1270632,BNO_RV,106,-4200,1,0.843933,-0.016541,-0.010376,-0.536072,0.9087
1280780,BNO_RV,107,-4500,1,0.843933,-0.016541,-0.010376,-0.536072,0.9087
1290357,BNO_RV,108,-4300,1,0.843933,-0.016541,-0.010376,-0.536072,0.9087
1300709,BNO_RV,109,-4500,1,0.843933,-0.016541,-0.010376,-0.536072,0.9087
1310877,BNO_RV,110,-4000,1,0.843933,-0.016541,-0.010376,-0.536072,0.9087
1320421,BNO_RV,111,-4300,1,0.843933,-0.016541,-0.010315,-0.536072,0.9089
1330167,BNO_RV,112,-4200,1,0.843933,-0.016541,-0.010315,-0.536072,0.9089
1340857,BNO_RV,113,-4500,1,0.843933,-0.016541,-0.010315,-0.536072,0.9089
1352124,BNO_RV,114,-5300,1,0.843933,-0.016541,-0.010315,-0.536072,0.9089
1360366,BNO_RV,115,-4300,1,0.843933,-0.016541,-0.010315,-0.536072,0.9089
1370805,BNO_RV,116,-4300,1,0.843933,-0.016541,-0.010315,-0.536072,0.9089
1381127,BNO_RV,117,-4500,1,0.843933,-0.016541,-0.010315,-0.536072,0.9089
1390940,BNO_RV,118,-3600,1,0.843933,-0.016541,-0.010315,-0.536072,0.9089
1401052,BNO_RV,119,-4500,1,0.843933,-0.016541,-0.010315,-0.536072,0.9089
1410471,BNO_RV,120,-4200,1,0.843933,-0.016541,-0.010315,-0.536072,0.9092
1421242,BNO_RV,121,-4500,1,0.843933,-0.016541,-0.010315,-0.536072,0.9092
1430990,BNO_RV,122,-3800,1,0.843933,-0.016541,-0.010315,-0.536072,0.9092
1440606,BNO_RV,123,-4300,1,0.843933,-0.016541,-0.010315,-0.536072,0.9092
1450923,BNO_RV,124,-4200,1,0.843933,-0.016541,-0.010315,-0.536072,0.9092
1461255,BNO_RV,125,-4500,1,0.843933,-0.016541,-0.010315,-0.536072,0.9092
1471070,BNO_RV,126,-3800,1,0.843933,-0.016541,-0.010315,-0.536072,0.9092
1480930,BNO_RV,127,-4500,1,0.843933,-0.016541,-0.010315,-0.536072,0.9092
1490591,BNO_RV,128,-4200,1,0.843933,-0.016541,-0.010315,-0.536072,0.9094
1501124,BNO_RV,129,-4300,1,0.843933,-0.016541,-0.010315,-0.536072,0.9094
1511291,BNO_RV,130,-4200,1,0.843933,-0.016541,-0.010315,-0.536072,0.9094
1521412,BNO_RV,131,-4500,1,0.843933,-0.016541,-0.010315,-0.536072,0.9094
1530739,BNO_RV,132,-4200,1,0.843933,-0.016541,-0.010315,-0.536072,0.9094
1541174,BNO_RV,133,-4300,1,0.843933,-0.016541,-0.010315,-0.536072,0.9094
1552002,BNO_RV,134,-4300,1,0.843933,-0.016541,-0.010315,-0.536072,0.9094
1561341,BNO_RV,135,-4500,1,0.843933,-0.016541,-0.010315,-0.536072,0.9094
1571107,BNO_RV,136,-4300,1,0.843933,-0.016541,-0.010315,-0.536072,0.9094
1581418,BNO_RV,137,-4300,1,0.843933,-0.016541,-0.010254,-0.536072,0.9097
1591515,BNO_RV,138,-4000,1,0.843933,-0.016541,-0.010254,-0.536072,0.9097
1603002,BNO_RV,139,-5600,1,0.843933,-0.016541,-0.010254,-0.536072,0.9097
1610446,BNO_RV,140,-3800,1,0.843933,-0.016541,-0.010254,-0.536072,0.9097
1621279,BNO_RV,141,-4500,1,0.843933,-0.016541,-0.010254,-0.536072,0.9097
1631374,BNO_RV,142,-4000,1,0.843933,-0.016541,-0.010254,-0.536072,0.9097
1641093,BNO_RV,143,-4200,1,0.843933,-0.016541,-0.010254,-0.536072,0.9097
1651513,BNO_RV,144,-4300,1,0.843933,-0.016541,-0.010254,-0.536072,0.9097
1660920,BNO_RV,145,-4200,1,0.843933,-0.016541,-0.010254,-0.536072,0.9097
1671628,BNO_RV,146,-4500,1,0.843933,-0.016541,-0.010254,-0.536072,0.9099
1681804,BNO_RV,147,-4500,1,0.843933,-0.016541,-0.010254,-0.536072,0.9099
1690969,BNO_RV,148,-4200,1,0.843933,-0.016541,-0.010254,-0.536072,0.9099
1701797,BNO_RV,149,-4300,1,0.843933,-0.016541,-0.010254,-0.536072,0.9099
1712175,BNO_RV,150,-4300,1,0.843933,-0.016541,-0.010254,-0.536072,0.9099
1721554,BNO_RV,151,-4300,1,0.843933,-0.016602,-0.010254,-0.536072,0.9099
1730636,BNO_RV,152,-3800,1,0.843933,-0.016541,-0.010254,-0.536072,0.9099
1741384,BNO_RV,153,-4300,1,0.843933,-0.016541,-0.010254,-0.536072,0.9099
1751967,BNO_RV,154,-4300,1,0.843933,-0.016541,-0.010254,-0.536072,0.9102
1761456,BNO_RV,155,-4200,1,0.843933,-0.016541,-0.010254,-0.536072,0.9102
1771773,BNO_RV,156,-4300,1,0.843933,-0.016541,-0.010254,-0.536072,0.9102
1781302,BNO_RV,157,-4500,1,0.843933,-0.016541,-0.010254,-0.536072,0.9102
1791818,BNO_RV,158,-4300,1,0.843933,-0.016602,-0.010254,-0.536072,0.9102
1801589,BNO_RV,159,-4200,1,0.843933,-0.016602,-0.010254,-0.536072,0.9102
1811280,BNO_RV,160,-4300,1,0.843933,-0.016602,-0.010254,-0.536072,0.9102
1822008,BNO_RV,161,-4300,1,0.843933,-0.016602,-0.010254,-0.536072,0.9102
1832399,BNO_RV,162,-4300,1,0.843933,-0.016602,-0.010254,-0.536072,0.9102
1841762,BNO_RV,163,-4200,1,0.843933,-0.016602,-0.010254,-0.536072,0.9104
1850812,BNO_RV,164,-3800,1,0.843933,-0.016602,-0.010254,-0.536072,0.9104
1861847,BNO_RV,165,-4900,1,0.843933,-0.016602,-0.010254,-0.536072,0.9104
1872526,BNO_RV,166,-4900,1,0.843933,-0.016602,-0.010254,-0.536072,0.9104
1881913,BNO_RV,167,-4300,1,0.843933,-0.016602,-0.010254,-0.536072,0.9104
1891050,BNO_RV,168,-4000,1,0.843933,-0.016663,-0.010254,-0.536133,0.9104
1901790,BNO_RV,169,-4500,1,0.843933,-0.016663,-0.010315,-0.536133,0.9104
1912461,BNO_RV,170,-4500,1,0.843933,-0.016602,-0.010315,-0.536133,0.9104
1921957,BNO_RV,171,-4000,1,0.843933,-0.016602,-0.010315,-0.536072,0.9104
1931662,BNO_RV,172,-4200,1,0.843933,-0.016602,-0.010315,-0.536072,0.9106
1941425,BNO_RV,173,-4300,1,0.843933,-0.016602,-0.010315,-0.536133,0.9106
1952497,BNO_RV,174,-4700,1,0.843933,-0.016602,-0.010315,-0.536133,0.9106
1962301,BNO_RV,175,-4300,1,0.843933,-0.016602,-0.010315,-0.536133,0.9106
1971833,BNO_RV,176,-4500,1,0.843933,-0.016602,-0.010315,-0.536133,0.9106
1981737,BNO_RV,177,-4300,1,0.843933,-0.016602,-0.010315,-0.536133,0.9106
1992628,BNO_RV,178,-4900,1,0.843933,-0.016602,-0.010315,-0.536133,0.9106
2002309,BNO_RV,179,-4300,1,0.843933,-0.016602,-0.010315,-0.536133,0.9106
2011797,BNO_RV,180,-4300,1,0.843933,-0.016602,-0.010254,-0.536133,0.9106
2021864,BNO_RV,181,-4500,1,0.843933,-0.016602,-0.010254,-0.536133,0.9109
2032922,BNO_RV,182,-5100,1,0.843933,-0.016602,-0.010254,-0.536133,0.9109
2042665,BNO_RV,183,-4300,1,0.843933,-0.016602,-0.010254,-0.536133,0.9109
2052368,BNO_RV,184,-4500,1,0.843933,-0.016602,-0.010254,-0.536133,0.9109
2062029,BNO_RV,185,-4300,1,0.843933,-0.016602,-0.010315,-0.536133,0.9109
2072213,BNO_RV,186,-4700,1,0.843933,-0.016602,-0.010315,-0.536133,0.9109
2082326,BNO_RV,187,-4500,1,0.843933,-0.016602,-0.010315,-0.536133,0.9109
2091753,BNO_RV,188,-4300,1,0.843933,-0.016602,-0.010254,-0.536133,0.9109
2102737,BNO_RV,189,-4500,1,0.843933,-0.016602,-0.010254,-0.536133,0.9111
2113164,BNO_RV,190,-4500,1,0.843933,-0.016602,-0.010254,-0.536133,0.9111
2123125,BNO_RV,191,-4900,1,0.843933,-0.016602,-0.010254,-0.536133,0.9111
2131987,BNO_RV,192,-4300,1,0.843933,-0.016602,-0.010254,-0.536133,0.9111
2142113,BNO_RV,193,-4500,1,0.843933,-0.016602,-0.010254,-0.536133,0.9111
2153139,BNO_RV,194,-4900,1,0.843933,-0.016541,-0.010254,-0.536133,0.9111
2162563,BNO_RV,195,-3800,1,0.843933,-0.016541,-0.010254,-0.536072,0.9111
2172148,BNO_RV,196,-4500,1,0.843933,-0.016541,-0.010315,-0.536072,0.9111
2182205,BNO_RV,197,-4300,1,0.843933,-0.016541,-0.010315,-0.536072,0.9111
2192436,BNO_RV,198,-4900,1,0.843933,-0.016541,-0.010315,-0.536072,0.9114
2202686,BNO_RV,199,-4500,1,0.843933,-0.016541,-0.010315,-0.536072,0.9114
2212131,BNO_RV,200,-4300,1,0.843933,-0.016541,-0.010315,-0.536072,0.9114
2222343,BNO_RV,201,-4500,1,0.843933,-0.016541,-0.010315,-0.536133,0.9114
2232635,BNO_RV,202,-4900,1,0.843933,-0.016541,-0.010254,-0.536133,0.9114
2242733,BNO_RV,203,-4300,1,0.843933,-0.016541,-0.010254,-0.536133,0.9114
2252171,BNO_RV,204,-4300,1,0.843933,-0.016541,-0.010254,-0.536133,0.9114
2262277,BNO_RV,205,-4300,1,0.843933,-0.016541,-0.010254,-0.536072,0.9114
2273330,BNO_RV,206,-5100,1,0.843933,-0.016541,-0.010254,-0.536072,0.9114
2283120,BNO_RV,207,-4300,1,0.843933,-0.016541,-0.010254,-0.536072,0.9116
2292427,BNO_RV,208,-4500,1,0.843933,-0.016541,-0.010254,-0.536072,0.9116
2302409,BNO_RV,209,-4500,1,0.843933,-0.016541,-0.010254,-0.536072,0.9116
2312446,BNO_RV,210,-4500,1,0.843933,-0.016541,-0.010315,-0.536072,0.9116
2322921,BNO_RV,211,-4500,1,0.843933,-0.016541,-0.010315,-0.536072,0.9116
2332463,BNO_RV,212,-4300,1,0.843933,-0.016541,-0.010315,-0.536072,0.9116
2342412,BNO_RV,213,-4300,1,0.843933,-0.016541,-0.010315,-0.536072,0.9116
2353253,BNO_RV,214,-4900,1,0.843933,-0.016541,-0.010315,-0.536072,0.9116
2363003,BNO_RV,215,-4200,1,0.843933,-0.016541,-0.010315,-0.536133,0.9119
2372640,BNO_RV,216,-4500,1,0.843933,-0.016541,-0.010315,-0.536133,0.9119
2382486,BNO_RV,217,-4300,1,0.843933,-0.016541,-0.010315,-0.536133,0.9119
2393336,BNO_RV,218,-4900,1,0.843933,-0.016541,-0.010315,-0.536133,0.9119
2402973,BNO_RV,219,-4200,1,0.843933,-0.016541,-0.010315,-0.536133,0.9119
2412298,BNO_RV,220,-4200,1,0.843933,-0.016541,-0.010254,-0.536133,0.9119
2422678,BNO_RV,221,-4500,1,0.843933,-0.016541,-0.010254,-0.536133,0.9119
2432614,BNO_RV,222,-4300,1,0.843933,-0.016602,-0.010254,-0.536133,0.9119
2443168,BNO_RV,223,-4500,1,0.843933,-0.016602,-0.010254,-0.536133,0.9119
2452456,BNO_RV,224,-4200,1,0.843933,-0.016602,-0.010315,-0.536133,0.9121
2462752,BNO_RV,225,-4500,1,0.843933,-0.016602,-0.010254,-0.536133,0.9121
2472710,BNO_RV,226,-4300,1,0.843933,-0.016602,-0.010254,-0.536133,0.9121
2483241,BNO_RV,227,-4300,1,0.843933,-0.016602,-0.010254,-0.536133,0.9121
2492654,BNO_RV,228,-4300,1,0.843933,-0.016602,-0.010254,-0.536133,0.9121
2502885,BNO_RV,229,-4500,1,0.843933,-0.016602,-0.010254,-0.536133,0.9121
2512686,BNO_RV,230,-4300,1,0.843933,-0.016602,-0.010254,-0.536133,0.9121
2523592,BNO_RV,231,-4900,1,0.843933,-0.016602,-0.010254,-0.536133,0.9121
2532798,BNO_RV,232,-4500,1,0.843933,-0.016602,-0.010193,-0.536133,0.9121
2542781,BNO_RV,233,-4300,1,0.843933,-0.016602,-0.010193,-0.536133,0.9124
2553692,BNO_RV,234,-4900,1,0.843933,-0.016541,-0.010193,-0.536133,0.9124
2563555,BNO_RV,235,-4200,1,0.843933,-0.016602,-0.010254,-0.536133,0.9124
2572990,BNO_RV,236,-4500,1,0.843933,-0.016602,-0.010254,-0.536133,0.9124
2583389,BNO_RV,237,-4500,1,0.843933,-0.016602,-0.010254,-0.536133,0.9124
2592832,BNO_RV,238,-4300,1,0.843933,-0.016602,-0.010254,-0.536133,0.9124
2603777,BNO_RV,239,-4900,1,0.843933,-0.016602,-0.010254,-0.536133,0.9124
2613216,BNO_RV,240,-4700,1,0.843933,-0.016602,-0.010254,-0.536133,0.9124
2623010,BNO_RV,241,-4300,1,0.843933,-0.016541,-0.010254,-0.536133,0.9124
2633348,BNO_RV,242,-4700,1,0.843933,-0.016541,-0.010315,-0.536133,0.9126
2643449,BNO_RV,243,-4500,1,0.843933,-0.016541,-0.010315,-0.536133,0.9126
2652882,BNO_RV,244,-4300,1,0.843933,-0.016541,-0.010315,-0.536133,0.9126
2663144,BNO_RV,245,-4300,1,0.843933,-0.016602,-0.010315,-0.536133,0.9126
2672959,BNO_RV,246,-4200,1,0.843933,-0.016602,-0.010315,-0.536133,0.9126
2683420,BNO_RV,247,-4300,1,0.843933,-0.016602,-0.010315,-0.536133,0.9126
2693433,BNO_RV,248,-4300,1,0.843933,-0.016602,-0.010315,-0.536133,0.9126
2703065,BNO_RV,249,-4300,1,0.843933,-0.016602,-0.010315,-0.536133,0.9126
2713614,BNO_RV,250,-4500,1,0.843933,-0.016602,-0.010315,-0.536133,0.9128
2723547,BNO_RV,251,-4000,1,0.843933,-0.016602,-0.010315,-0.536133,0.9128
2733613,BNO_RV,252,-4500,1,0.843933,-0.016602,-0.010315,-0.536133,0.9128
2743119,BNO_RV,253,-4300,1,0.843933,-0.016602,-0.010315,-0.536133,0.9128
2753653,BNO_RV,254,-4300,1,0.843933,-0.016602,-0.010315,-0.536133,0.9128
2763544,BNO_RV,255,-3800,1,0.843933,-0.016602,-0.010315,-0.536133,0.9128
2773740,BNO_RV,256,-4500,1,0.843933,-0.016541,-0.010315,-0.536133,0.9128
2783244,BNO_RV,257,-4300,1,0.843933,-0.016541,-0.010315,-0.536133,0.9128
2793791,BNO_RV,258,-4300,1,0.843933,-0.016541,-0.010315,-0.536133,0.9128
2803692,BNO_RV,259,-3800,1,0.843933,-0.016541,-0.010315,-0.536133,0.9131
2813907,BNO_RV,260,-4500,1,0.843933,-0.016541,-0.010315,-0.536133,0.9131
2823286,BNO_RV,261,-4300,1,0.843933,-0.016541,-0.010315,-0.536133,0.9131
2833726,BNO_RV,262,-4500,1,0.843933,-0.016541,-0.010315,-0.536133,0.9131
2843888,BNO_RV,263,-4000,1,0.843933,-0.016541,-0.010315,-0.536133,0.9131
2854136,BNO_RV,264,-4500,1,0.843933,-0.016541,-0.010315,-0.536133,0.9131
2865748,BNO_RV,265,-6500,1,0.843933,-0.016541,-0.010315,-0.536133,0.9131
2873337,BNO_RV,266,-4300,1,0.843933,-0.016541,-0.010315,-0.536133,0.9131
2884121,BNO_RV,267,-4700,1,0.843933,-0.016541,-0.010315,-0.536133,0.9131
2893794,BNO_RV,268,-4700,1,0.843933,-0.016541,-0.010315,-0.536133,0.9133
2903375,BNO_RV,269,-4200,1,0.843933,-0.016541,-0.010315,-0.536133,0.9133
2913961,BNO_RV,270,-4500,1,0.843933,-0.016541,-0.010315,-0.536133,0.9133
2924521,BNO_RV,271,-4500,1,0.843933,-0.016541,-0.010315,-0.536133,0.9133
2933842,BNO_RV,272,-4500,1,0.843933,-0.016541,-0.010315,-0.536133,0.9133
2943432,BNO_RV,273,-4200,1,0.843933,-0.016541,-0.010315,-0.536133,0.9133
2954058,BNO_RV,274,-4300,1,0.843933,-0.016541,-0.010315,-0.536133,0.9133
2964394,BNO_RV,275,-4300,1,0.843933,-0.016541,-0.010315,-0.536133,0.9133
2974044,BNO_RV,276,-4500,1,0.843933,-0.016541,-0.010315,-0.536133,0.9133
2983594,BNO_RV,277,-4300,1,0.843933,-0.016541,-0.010315,-0.536133,0.9136
2994141,BNO_RV,278,-4300,1,0.843933,-0.016541,-0.010315,-0.536133,0.9136
3004637,BNO_RV,279,-4300,1,0.843933,-0.016541,-0.010315,-0.536133,0.9136
3014158,BNO_RV,280,-4500,1,0.843933,-0.016541,-0.010315,-0.536133,0.9136
3023649,BNO_RV,281,-4300,1,0.843933,-0.016541,-0.010315,-0.536133,0.9136
3034398,BNO_RV,282,-4300,1,0.843933,-0.016541,-0.010315,-0.536133,0.9136
3044451,BNO_RV,283,-4000,1,0.843933,-0.016541,-0.010315,-0.536133,0.9136
3054671,BNO_RV,284,-4500,1,0.843933,-0.016541,-0.010315,-0.536133,0.9136
3063695,BNO_RV,285,-4300,1,0.843933,-0.016541,-0.010315,-0.536133,0.9138
3074522,BNO_RV,286,-4300,1,0.843933,-0.016541,-0.010315,-0.536133,0.9138
3085099,BNO_RV,287,-4500,1,0.843933,-0.016541,-0.010315,-0.536133,0.9138
3094433,BNO_RV,288,-4500,1,0.843933,-0.016541,-0.010315,-0.536133,0.9138
3103819,BNO_RV,289,-4200,1,0.843933,-0.016541,-0.010315,-0.536133,0.9138
3116298,BNO_RV,290,-6200,1,0.843933,-0.016541,-0.010315,-0.536133,0.9138
3124670,BNO_RV,291,-4200,1,0.843933,-0.016541,-0.010315,-0.536133,0.9138
3134179,BNO_RV,292,-4200,1,0.843933,-0.016541,-0.010315,-0.536133,0.9138
3144436,BNO_RV,293,-4200,1,0.843933,-0.016541,-0.010315,-0.536133,0.9138
3154699,BNO_RV,294,-4300,1,0.843933,-0.016541,-0.010315,-0.536133,0.9141
3164677,BNO_RV,295,-3800,1,0.843933,-0.016541,-0.010315,-0.536133,0.9141
3174928,BNO_RV,296,-4700,1,0.843933,-0.016541,-0.010315,-0.536133,0.9141
3183626,BNO_RV,297,-4000,1,0.843933,-0.016541,-0.010315,-0.536133,0.9141
3194320,BNO_RV,298,-4300,1,0.843933,-0.016541,-0.010315,-0.536133,0.9141
3204784,BNO_RV,299,-4300,1,0.843933,-0.016541,-0.010315,-0.536133,0.9141
3214185,BNO_RV,300,-3800,1,0.843933,-0.016541,-0.010315,-0.536133,0.9141
3223821,BNO_RV,301,-4000,1,0.843933,-0.016541,-0.010315,-0.536133,0.9141
3234449,BNO_RV,302,-4200,1,0.843933,-0.016541,-0.010315,-0.536133,0.9141
3245031,BNO_RV,303,-4300,1,0.843933,-0.016541,-0.010315,-0.536133,0.9143
3254528,BNO_RV,304,-4200,1,0.843933,-0.016541,-0.010315,-0.536133,0.9143
3264256,BNO_RV,305,-4300,1,0.843933,-0.016541,-0.010315,-0.536133,0.9143
3274902,BNO_RV,306,-4200,1,0.843933,-0.016541,-0.010315,-0.536133,0.9143
3284934,BNO_RV,307,-3800,1,0.843933,-0.016541,-0.010315,-0.536133,0.9143
3295117,BNO_RV,308,-4500,1,0.843933,-0.016541,-0.010315,-0.536133,0.9143
3304427,BNO_RV,309,-4300,1,0.843933,-0.016541,-0.010315,-0.536133,0.9143
3314224,BNO_RV,310,-4300,1,0.843933,-0.016541,-0.010315,-0.536133,0.9143
3325149,BNO_RV,311,-4900,1,0.843933,-0.016541,-0.010315,-0.536133,0.9143
3334674,BNO_RV,312,-4000,1,0.843933,-0.016541,-0.010315,-0.536133,0.9146
3344450,BNO_RV,313,-4300,1,0.843933,-0.016541,-0.010315,-0.536133,0.9146
3354232,BNO_RV,314,-4300,1,0.843933,-0.016541,-0.010315,-0.536133,0.9146
3366272,BNO_RV,315,-6000,1,0.843933,-0.016541,-0.010315,-0.536133,0.9146
3375446,BNO_RV,316,-4700,1,0.843933,-0.016541,-0.010315,-0.536133,0.9146
3384192,BNO_RV,317,-4200,1,0.843933,-0.016541,-0.010315,-0.536133,0.9146
3394735,BNO_RV,318,-4300,1,0.843933,-0.016541,-0.010315,-0.536133,0.9146
3404781,BNO_RV,319,-4700,1,0.843933,-0.016541,-0.010315,-0.536133,0.9146
3414798,BNO_RV,320,-4300,1,0.843933,-0.016541,-0.010315,-0.536133,0.9148
3423833,BNO_RV,321,-3600,1,0.843933,-0.016541,-0.010315,-0.536133,0.9148
3434561,BNO_RV,322,-4200,1,0.843933,-0.016541,-0.010315,-0.536133,0.9148
3445485,BNO_RV,323,-4500,1,0.843933,-0.016541,-0.010315,-0.536133,0.9148
3454878,BNO_RV,324,-3800,1,0.843933,-0.016541,-0.010315,-0.536133,0.9148
3465176,BNO_RV,325,-4200,1,0.843933,-0.016541,-0.010315,-0.536133,0.9148
3474574,BNO_RV,326,-4300,1,0.843933,-0.016541,-0.010315,-0.536133,0.9148
3485082,BNO_RV,327,-4500,1,0.843933,-0.016541,-0.010315,-0.536133,0.9148
3494932,BNO_RV,328,-3800,1,0.843933,-0.016541,-0.010315,-0.536133,0.9148
3504106,BNO_RV,329,-3800,1,0.843933,-0.016541,-0.010315,-0.536133,0.9150
3514840,BNO_RV,330,-4200,1,0.843933,-0.016541,-0.010376,-0.536133,0.9150
3525707,BNO_RV,331,-4700,1,0.843933,-0.016541,-0.010376,-0.536133,0.9150
3535282,BNO_RV,332,-4000,1,0.843933,-0.016541,-0.010376,-0.536133,0.9150
3544712,BNO_RV,333,-4300,1,0.843933,-0.016541,-0.010376,-0.536133,0.9150
3555306,BNO_RV,334,-4200,1,0.843933,-0.016541,-0.010376,-0.536133,0.9150
3565820,BNO_RV,335,-4200,1,0.843933,-0.016541,-0.010376,-0.536133,0.9150
3575301,BNO_RV,336,-3800,1,0.843933,-0.016541,-0.010376,-0.536133,0.9150
3584314,BNO_RV,337,-3800,1,0.843933,-0.016541,-0.010376,-0.536133,0.9150
3595106,BNO_RV,338,-4300,1,0.843933,-0.016541,-0.010376,-0.536133,0.9153
3605887,BNO_RV,339,-4700,1,0.843933,-0.016541,-0.010376,-0.536133,0.9153
3616588,BNO_RV,340,-4900,1,0.843933,-0.016541,-0.010376,-0.536133,0.9153
3624592,BNO_RV,341,-4000,1,0.843933,-0.016541,-0.010376,-0.536133,0.9153
3635197,BNO_RV,342,-4300,1,0.843933,-0.016541,-0.010376,-0.536133,0.9153
3644866,BNO_RV,343,-4200,1,0.843933,-0.016541,-0.010376,-0.536133,0.9153
3655398,BNO_RV,344,-4300,1,0.843933,-0.016541,-0.010376,-0.536133,0.9153
3664956,BNO_RV,345,-4300,1,0.843933,-0.016541,-0.010376,-0.536133,0.9153
3675546,BNO_RV,346,-4200,1,0.843933,-0.016541,-0.010376,-0.536133,0.9153
3685912,BNO_RV,347,-4700,1,0.843933,-0.016541,-0.010376,-0.536133,0.9155
3695450,BNO_RV,348,-3600,1,0.843933,-0.016541,-0.010376,-0.536133,0.9155
3704971,BNO_RV,349,-4300,1,0.843933,-0.016541,-0.010376,-0.536133,0.9155
3715476,BNO_RV,350,-4200,1,0.843933,-0.016541,-0.010376,-0.536133,0.9155
3726357,BNO_RV,351,-4700,1,0.843933,-0.016541,-0.010376,-0.536133,0.9155
3735926,BNO_RV,352,-4000,1,0.843933,-0.016541,-0.010376,-0.536133,0.9155
3745346,BNO_RV,353,-4500,1,0.843933,-0.016541,-0.010376,-0.536133,0.9155
3755201,BNO_RV,354,-4200,1,0.843933,-0.016541,-0.010376,-0.536133,0.9155
3765186,BNO_RV,355,-4200,1,0.843933,-0.016541,-0.010376,-0.536133,0.9158
3775488,BNO_RV,356,-4200,1,0.843933,-0.016541,-0.010376,-0.536133,0.9158
3784739,BNO_RV,357,-3800,1,0.843933,-0.016541,-0.010376,-0.536133,0.9158
3795644,BNO_RV,358,-4200,1,0.843933,-0.016541,-0.010376,-0.536133,0.9158
3805017,BNO_RV,359,-4200,1,0.843933,-0.016541,-0.010376,-0.536133,0.9158
3815706,BNO_RV,360,-4500,1,0.843933,-0.016541,-0.010376,-0.536133,0.9158
3824713,BNO_RV,361,-3800,1,0.843933,-0.016541,-0.010376,-0.536133,0.9158
3835777,BNO_RV,362,-4300,1,0.843933,-0.016541,-0.010376,-0.536133,0.9158
3845159,BNO_RV,363,-4200,1,0.843933,-0.016541,-0.010376,-0.536133,0.9158
3855832,BNO_RV,364,-4300,1,0.843933,-0.016541,-0.010376,-0.536133,0.9160
3866413,BNO_RV,365,-5400,1,0.843933,-0.016541,-0.010376,-0.536133,0.9160
3875596,BNO_RV,366,-4300,1,0.843933,-0.016541,-0.010376,-0.536133,0.9160
3886050,BNO_RV,367,-4500,1,0.843933,-0.016541,-0.010376,-0.536133,0.9160
3895765,BNO_RV,368,-3800,1,0.843933,-0.016541,-0.010376,-0.536133,0.9160
3904747,BNO_RV,369,-3400,1,0.843933,-0.016541,-0.010376,-0.536133,0.9160
3916070,BNO_RV,370,-4300,1,0.843933,-0.016541,-0.010376,-0.536133,0.9160
3925382,BNO_RV,371,-4200,1,0.843933,-0.016541,-0.010376,-0.536133,0.9160
3936051,BNO_RV,372,-4500,1,0.843933,-0.016541,-0.010376,-0.536133,0.9160
3945610,BNO_RV,373,-4300,1,0.843933,-0.016541,-0.010376,-0.536133,0.9163
3955456,BNO_RV,374,-4200,1,0.843933,-0.016541,-0.010376,-0.536133,0.9163
3965938,BNO_RV,375,-4500,1,0.843933,-0.016541,-0.010376,-0.536133,0.9163
3975942,BNO_RV,376,-4000,1,0.843933,-0.016541,-0.010376,-0.536133,0.9163
3985701,BNO_RV,377,-4300,1,0.843933,-0.016541,-0.010376,-0.536133,0.9163
3995552,BNO_RV,378,-4200,1,0.843933,-0.016541,-0.010376,-0.536133,0.9163
4005768,BNO_RV,379,-4300,1,0.843933,-0.016541,-0.010376,-0.536133,0.9163
4016453,BNO_RV,380,-4500,1,0.843933,-0.016541,-0.010376,-0.536133,0.9163
4025823,BNO_RV,381,-4300,1,0.843933,-0.016541,-0.010376,-0.536133,0.9163
4035456,BNO_RV,382,-4200,1,0.843933,-0.016541,-0.010376,-0.536133,0.9165
4045891,BNO_RV,383,-4300,1,0.843933,-0.016541,-0.010315,-0.536133,0.9165
4056247,BNO_RV,384,-4200,1,0.843933,-0.016541,-0.010315,-0.536133,0.9165
4065648,BNO_RV,385,-4200,1,0.843933,-0.016541,-0.010315,-0.536133,0.9165
4075573,BNO_RV,386,-4200,1,0.843933,-0.016541,-0.010315,-0.536133,0.9165
4086236,BNO_RV,387,-4500,1,0.843933,-0.016541,-0.010315,-0.536133,0.9165
4096247,BNO_RV,388,-3800,1,0.843933,-0.016602,-0.010315,-0.536133,0.9165
4106495,BNO_RV,389,-4500,1,0.843933,-0.016602,-0.010315,-0.536133,0.9165
4117005,BNO_RV,390,-5400,1,0.843933,-0.016602,-0.010315,-0.536133,0.9165
4125790,BNO_RV,391,-4200,1,0.843933,-0.016602,-0.010315,-0.536133,0.9167
4136986,BNO_RV,392,-4700,1,0.843933,-0.016602,-0.010315,-0.536133,0.9167
4146460,BNO_RV,393,-4300,1,0.843933,-0.016602,-0.010315,-0.536133,0.9167
4155839,BNO_RV,394,-4200,1,0.843933,-0.016602,-0.010315,-0.536133,0.9167
4166222,BNO_RV,395,-4200,1,0.843933,-0.016602,-0.010315,-0.536133,0.9167
4177013,BNO_RV,396,-4500,1,0.843933,-0.016602,-0.010315,-0.536133,0.9167
4186341,BNO_RV,397,-4500,1,0.843933,-0.016602,-0.010315,-0.536133,0.9167
4195966,BNO_RV,398,-4200,1,0.843933,-0.016602,-0.010315,-0.536133,0.9167
4206404,BNO_RV,399,-4200,1,0.843933,-0.016602,-0.010315,-0.536133,0.9170
4217020,BNO_RV,400,-4300,1,0.843933,-0.016602,-0.010315,-0.536133,0.9170
4226481,BNO_RV,401,-4700,1,0.843933,-0.016602,-0.010315,-0.536133,0.9170
4236084,BNO_RV,402,-4300,1,0.843933,-0.016602,-0.010315,-0.536133,0.9170
4246480,BNO_RV,403,-4200,1,0.843933,-0.016602,-0.010315,-0.536133,0.9170
4257206,BNO_RV,404,-4500,1,0.843933,-0.016602,-0.010315,-0.536133,0.9170
4266503,BNO_RV,405,-4500,1,0.843933,-0.016602,-0.010315,-0.536133,0.9170
4275995,BNO_RV,406,-4000,1,0.843933,-0.016602,-0.010315,-0.536133,0.9170
4286429,BNO_RV,407,-4300,1,0.843933,-0.016602,-0.010315,-0.536133,0.9170
4296851,BNO_RV,408,-4200,1,0.843933,-0.016602,-0.010315,-0.536133,0.9172
4306992,BNO_RV,409,-4500,1,0.843933,-0.016602,-0.010315,-0.536133,0.9172
4316186,BNO_RV,410,-4200,1,0.843933,-0.016602,-0.010315,-0.536133,0.9172
4326729,BNO_RV,411,-4200,1,0.843933,-0.016602,-0.010315,-0.536133,0.9172
4337170,BNO_RV,412,-4200,1,0.843933,-0.016602,-0.010315,-0.536133,0.9172
4346687,BNO_RV,413,-4300,1,0.843933,-0.016602,-0.010315,-0.536133,0.9172
4356256,BNO_RV,414,-4300,1,0.843933,-0.016602,-0.010315,-0.536133,0.9172
4368666,BNO_RV,415,-6200,1,0.843933,-0.016602,-0.010315,-0.536133,0.9172
4377063,BNO_RV,416,-4200,1,0.843933,-0.016602,-0.010315,-0.536133,0.9172
4387263,BNO_RV,417,-4500,1,0.843933,-0.016602,-0.010315,-0.536133,0.9175
4396451,BNO_RV,418,-4300,1,0.843933,-0.016602,-0.010315,-0.536133,0.9175
4407142,BNO_RV,419,-4200,1,0.843933,-0.016602,-0.010315,-0.536133,0.9175
4417009,BNO_RV,420,-3800,1,0.843933,-0.016602,-0.010315,-0.536133,0.9175
4427198,BNO_RV,421,-4500,1,0.843933,-0.016602,-0.010315,-0.536133,0.9175
4436474,BNO_RV,422,-4200,1,0.843933,-0.016602,-0.010315,-0.536133,0.9175
4446932,BNO_RV,423,-4300,1,0.843933,-0.016602,-0.010315,-0.536133,0.9175
4457370,BNO_RV,424,-4200,1,0.843933,-0.016602,-0.010315,-0.536133,0.9175
4466918,BNO_RV,425,-4200,1,0.843933,-0.016602,-0.010315,-0.536133,0.9175
4476396,BNO_RV,426,-4200,1,0.843933,-0.016602,-0.010315,-0.536133,0.9177
4487070,BNO_RV,427,-4300,1,0.843933,-0.016602,-0.010315,-0.536133,0.9177
4497588,BNO_RV,428,-4300,1,0.843933,-0.016602,-0.010315,-0.536133,0.9177
4507008,BNO_RV,429,-4200,1,0.843933,-0.016602,-0.010315,-0.536133,0.9177
4517146,BNO_RV,430,-4000,1,0.843933,-0.016602,-0.010315,-0.536133,0.9177
4526486,BNO_RV,431,-4200,1,0.843933,-0.016602,-0.010315,-0.536133,0.9177
4537622,BNO_RV,432,-4700,1,0.843933,-0.016602,-0.010315,-0.536133,0.9177
4547154,BNO_RV,433,-4200,1,0.843933,-0.016602,-0.010315,-0.536133,0.9177
4556747,BNO_RV,434,-4300,1,0.843933,-0.016602,-0.010315,-0.536133,0.9177
4566689,BNO_RV,435,-4200,1,0.843933,-0.016602,-0.010315,-0.536133,0.9180
4577678,BNO_RV,436,-4700,1,0.843933,-0.016602,-0.010315,-0.536133,0.9180
4587258,BNO_RV,437,-4300,1,0.843933,-0.016602,-0.010315,-0.536133,0.9180
4596799,BNO_RV,438,-4200,1,0.843933,-0.016602,-0.010315,-0.536133,0.9180
4607624,BNO_RV,439,-4500,1,0.843933,-0.016602,-0.010315,-0.536133,0.9180
4617502,BNO_RV,440,-3800,1,0.843933,-0.016602,-0.010315,-0.536133,0.9180
4629784,BNO_RV,441,-6700,1,0.843933,-0.016663,-0.010315,-0.536133,0.9180
4636652,BNO_RV,442,-4000,1,0.843933,-0.016663,-0.010315,-0.536133,0.9180
4647436,BNO_RV,443,-4300,1,0.843933,-0.016663,-0.010315,-0.536133,0.9182
4657991,BNO_RV,444,-4500,1,0.843933,-0.016663,-0.010315,-0.536133,0.9182
4667562,BNO_RV,445,-4200,1,0.843933,-0.016663,-0.010315,-0.536133,0.9182
4677196,BNO_RV,446,-4300,1,0.843933,-0.016663,-0.010315,-0.536133,0.9182
4687028,BNO_RV,447,-4200,1,0.843933,-0.016663,-0.010315,-0.536133,0.9182
4697177,BNO_RV,448,-4500,1,0.843933,-0.016663,-0.010315,-0.536133,0.9182
4707512,BNO_RV,449,-4200,1,0.843933,-0.016663,-0.010315,-0.536133,0.9182
4716892,BNO_RV,450,-4200,1,0.843933,-0.016663,-0.010315,-0.536133,0.9182
4727771,BNO_RV,451,-4300,1,0.843933,-0.016663,-0.010315,-0.536133,0.9182
4738232,BNO_RV,452,-4500,1,0.843933,-0.016663,-0.010376,-0.536133,0.9185
4747682,BNO_RV,453,-4200,1,0.843933,-0.016663,-0.010376,-0.536133,0.9185
4757345,BNO_RV,454,-4200,1,0.843933,-0.016663,-0.010376,-0.536133,0.9185
4767140,BNO_RV,455,-4200,1,0.843933,-0.016663,-0.010376,-0.536133,0.9185
4777361,BNO_RV,456,-4500,1,0.843933,-0.016663,-0.010376,-0.536133,0.9185
4787529,BNO_RV,457,-4200,1,0.843933,-0.016663,-0.010376,-0.536133,0.9185
4796486,BNO_RV,458,-3600,1,0.843872,-0.016663,-0.010376,-0.536133,0.9185
4807192,BNO_RV,459,-4300,1,0.843872,-0.016663,-0.010376,-0.536133,0.9185
4817771,BNO_RV,460,-4700,1,0.843872,-0.016663,-0.010376,-0.536133,0.9185
4827645,BNO_RV,461,-4000,1,0.843872,-0.016602,-0.010376,-0.536133,0.9187
4836689,BNO_RV,462,-3600,1,0.843872,-0.016602,-0.010376,-0.536133,0.9187
4847286,BNO_RV,463,-4300,1,0.843872,-0.016663,-0.010376,-0.536194,0.9187
4858308,BNO_RV,464,-4900,1,0.843872,-0.016602,-0.010376,-0.536194,0.9187
4867883,BNO_RV,465,-4200,1,0.843872,-0.016602,-0.010315,-0.536194,0.9187
4877501,BNO_RV,466,-4300,1,0.843872,-0.016602,-0.010315,-0.536194,0.9187
4887784,BNO_RV,467,-4700,1,0.843872,-0.016602,-0.010315,-0.536133,0.9187
4897398,BNO_RV,468,-4300,1,0.843872,-0.016602,-0.010315,-0.536133,0.9187
4907787,BNO_RV,469,-4300,1,0.843872,-0.016602,-0.010315,-0.536194,0.9187
4916835,BNO_RV,470,-3600,1,0.843872,-0.016602,-0.010315,-0.536194,0.9189
4927686,BNO_RV,471,-4300,1,0.843872,-0.016602,-0.010315,-0.536133,0.9189
4937512,BNO_RV,472,-4300,1,0.843872,-0.016602,-0.010315,-0.536133,0.9189
4947957,BNO_RV,473,-4300,1,0.843872,-0.016602,-0.010315,-0.536133,0.9189
4956855,BNO_RV,474,-3600,1,0.843872,-0.016663,-0.010315,-0.536133,0.9189
4967820,BNO_RV,475,-4300,1,0.843872,-0.016602,-0.010315,-0.536133,0.9189
4978764,BNO_RV,476,-4900,1,0.843933,-0.016602,-0.010254,-0.536133,0.9189
4988304,BNO_RV,477,-4000,1,0.843933,-0.016602,-0.010254,-0.536133,0.9189
4997599,BNO_RV,478,-4300,1,0.843933,-0.016602,-0.010254,-0.536133,0.9189
5008277,BNO_RV,479,-4300,1,0.843933,-0.016602,-0.010254,-0.536133,0.9192
5018811,BNO_RV,480,-4300,1,0.843933,-0.016602,-0.010254,-0.536133,0.9192
5028904,BNO_RV,481,-4500,1,0.843933,-0.016602,-0.010254,-0.536133,0.9192
5037536,BNO_RV,482,-4200,1,0.843933,-0.016602,-0.010254,-0.536133,0.9192
5048638,BNO_RV,483,-4500,1,0.843933,-0.016602,-0.010254,-0.536133,0.9192
5058341,BNO_RV,484,-4900,1,0.843933,-0.016602,-0.010254,-0.536133,0.9192
5068311,BNO_RV,485,-4200,1,0.843933,-0.016602,-0.010315,-0.536133,0.9192
5077772,BNO_RV,486,-4300,1,0.843872,-0.016602,-0.010315,-0.536133,0.9192
5088025,BNO_RV,487,-4500,1,0.843872,-0.016602,-0.010254,-0.536133,0.9194
5097918,BNO_RV,488,-4500,1,0.843872,-0.016602,-0.010254,-0.536133,0.9194
5108792,BNO_RV,489,-4900,1,0.843872,-0.016602,-0.010315,-0.536133,0.9194
5117917,BNO_RV,490,-4300,1,0.843872,-0.016541,-0.010315,-0.536133,0.9194
5127932,BNO_RV,491,-4300,1,0.843872,-0.016541,-0.010315,-0.536133,0.9194
5139145,BNO_RV,492,-5300,1,0.843872,-0.016541,-0.010315,-0.536133,0.9194
5148725,BNO_RV,493,-4300,1,0.843872,-0.016602,-0.010315,-0.536133,0.9194
5158260,BNO_RV,494,-4500,1,0.843872,-0.016602,-0.010315,-0.536133,0.9194
5167741,BNO_RV,495,-4000,1,0.843872,-0.016541,-0.010315,-0.536133,0.9194
5178262,BNO_RV,496,-4500,1,0.843872,-0.016541,-0.010315,-0.536194,0.9197
5188612,BNO_RV,497,-4500,1,0.843872,-0.016541,-0.010315,-0.536194,0.9197
5198076,BNO_RV,498,-4300,1,0.843872,-0.016541,-0.010315,-0.536194,0.9197
